EEG File Name,Eye File Name,Subject ID,Gender(F:Female; M:Male),Age (year),Dominant Hand,Task ID,Try,Performance(out of 100)
9_10_1.edf',9_10_1.csv',9,F,24,Right,10,1,91
9_10_2.edf',9_10_2.csv',9,F,24,Right,10,2,92
9_11_1.edf',9_11_1.csv',9,F,24,Right,11,1,75
9_11_2.edf',9_11_2.csv',9,F,24,Right,11,2,97
9_12_1.edf',9_12_1.csv',9,F,24,Right,12,1,89
9_12_2.edf',9_12_2.csv',9,F,24,Right,12,2,95
9_13_1.edf',9_13_1.csv',9,F,24,Right,13,1,89
9_13_2.edf',9_13_2.csv',9,F,24,Right,13,2,97
9_14_1.edf',9_14_1.csv',9,F,24,Right,14,1,68
9_14_2.edf',9_14_2.csv',9,F,24,Right,14,2,94
9_15_1.edf',9_15_1.csv',9,F,24,Right,15,1,89
9_15_2.edf',9_15_2.csv',9,F,24,Right,15,2,88
9_16_1.edf',9_16_1.csv',9,F,24,Right,16,1,71
9_16_2.edf',9_16_2.csv',9,F,24,Right,16,2,77
9_17_1.edf',9_17_1.csv',9,F,24,Right,17,1,61
9_17_2.edf',9_17_2.csv',9,F,24,Right,17,2,75
9_18_1.edf',9_18_1.csv',9,F,24,Right,18,1,87
9_18_2.edf',9_18_2.csv',9,F,24,Right,18,2,80
9_19_1.edf',9_19_1.csv',9,F,24,Right,19,1,46
9_19_2.edf',9_19_2.csv',9,F,24,Right,19,2,53
9_19_3.edf',9_19_3.csv',9,F,24,Right,19,3,57
9_19_4.edf',9_19_4.csv',9,F,24,Right,19,4,78
9_1_1.edf',9_1_1.csv',9,F,24,Right,1,1,92
9_1_2.edf',9_1_2.csv',9,F,24,Right,1,2,92
9_20_1.edf',9_20_1.csv',9,F,24,Right,20,1,89
9_20_2.edf',9_20_2.csv',9,F,24,Right,20,2,85
9_21_1.edf',9_21_1.csv',9,F,24,Right,21,1,50
9_21_2.edf',9_21_2.csv',9,F,24,Right,21,2,65
9_21_3.edf',9_21_3.csv',9,F,24,Right,21,3,66
9_21_4.edf',9_21_4.csv',9,F,24,Right,21,4,70
9_22_1.edf',9_22_1.csv',9,F,24,Right,22,1,69
9_22_2.edf',9_22_2.csv',9,F,24,Right,22,2,68
9_22_3.edf',9_22_3.csv',9,F,24,Right,22,3,94
9_23_1.edf',9_23_1.csv',9,F,24,Right,23,1,80
9_23_2.edf',9_23_2.csv',9,F,24,Right,23,2,91
9_24_1.edf',9_24_1.csv',9,F,24,Right,24,1,68
9_24_2.edf',9_24_2.csv',9,F,24,Right,24,2,98
9_25_1.edf',9_25_1.csv',9,F,24,Right,25,1,87
9_25_2.edf',9_25_2.csv',9,F,24,Right,25,2,91
9_26_1.edf',9_26_1.csv',9,F,24,Right,26,1,94
9_26_2.edf',9_26_2.csv',9,F,24,Right,26,2,91
9_27_1.edf',9_27_1.csv',9,F,24,Right,27,1,97
9_27_2.edf',9_27_2.csv',9,F,24,Right,27,2,96
9_2_1.edf',9_2_1.csv',9,F,24,Right,2,1,91
9_2_2.edf',9_2_2.csv',9,F,24,Right,2,2,91
9_3_1.edf',9_3_1.csv',9,F,24,Right,3,1,94
9_3_2.edf',9_3_2.csv',9,F,24,Right,3,2,99
9_4_1.edf',9_4_1.csv',9,F,24,Right,4,1,88
9_4_2.edf',9_4_2.csv',9,F,24,Right,4,2,83
9_5_1.edf',9_5_1.csv',9,F,24,Right,5,1,84
9_5_2.edf',9_5_2.csv',9,F,24,Right,5,2,85
9_6_1.edf',9_6_1.csv',9,F,24,Right,6,1,61
9_6_2.edf',9_6_2.csv',9,F,24,Right,6,2,62
9_6_3.edf',9_6_3.csv',9,F,24,Right,6,3,66
9_6_4.edf',9_6_4.csv',9,F,24,Right,6,4,91
9_7_1.edf',9_7_1.csv',9,F,24,Right,7,1,94
9_7_2.edf',9_7_2.csv',9,F,24,Right,7,2,97
9_8_1.edf',9_8_1.csv',9,F,24,Right,8,1,92
9_8_2.edf',9_8_2.csv',9,F,24,Right,8,2,82
9_9_1.edf',9_9_1.csv',9,F,24,Right,9,1,94
9_9_2.edf',9_9_2.csv',9,F,24,Right,9,2,92
10_10_1.edf',10_10_1.csv',10,F,34,Right,10,1,95
10_10_2.edf',10_10_2.csv',10,F,34,Right,10,2,96
10_11_1.edf',10_11_1.csv',10,F,34,Right,11,1,63
10_11_2.edf',10_11_2.csv',10,F,34,Right,11,2,82
10_12_1.edf',10_12_1.csv',10,F,34,Right,12,1,97
10_12_2.edf',10_12_2.csv',10,F,34,Right,12,2,99
10_13_1.edf',10_13_1.csv',10,F,34,Right,13,1,79
10_13_2.edf',10_13_2.csv',10,F,34,Right,13,2,88
10_14_1.edf',10_14_1.csv',10,F,34,Right,14,1,82
10_14_2.edf',10_14_2.csv',10,F,34,Right,14,2,86
10_15_1.edf',10_15_1.csv',10,F,34,Right,15,1,100
10_15_2.edf',10_15_2.csv',10,F,34,Right,15,2,97
10_16_1.edf',10_16_1.csv',10,F,34,Right,16,1,83
10_16_2.edf',10_16_2.csv',10,F,34,Right,16,2,97
10_17_1.edf',10_17_1.csv',10,F,34,Right,17,1,64
10_17_2.edf',10_17_2.csv',10,F,34,Right,17,2,74
10_18_1.edf',10_18_1.csv',10,F,34,Right,18,1,87
10_18_2.edf',10_18_2.csv',10,F,34,Right,18,2,97
10_19_1.edf',10_19_1.csv',10,F,34,Right,19,1,74
10_19_2.edf',10_19_2.csv',10,F,34,Right,19,2,79
10_1_3.edf',10_1_3.csv',10,F,34,Right,1,3,95
10_1_4.edf',10_1_4.csv',10,F,34,Right,1,4,95
10_20_1.edf',10_20_1.csv',10,F,34,Right,20,1,79
10_20_2.edf',10_20_2.csv',10,F,34,Right,20,2,86
10_21_1.edf',10_21_1.csv',10,F,34,Right,21,1,78
10_21_2.edf',10_21_2.csv',10,F,34,Right,21,2,88
10_22_1.edf',10_22_1.csv',10,F,34,Right,22,1,71
10_22_2.edf',10_22_2.csv',10,F,34,Right,22,2,65
10_23_1.edf',10_23_1.csv',10,F,34,Right,23,1,87
10_23_2.edf',10_23_2.csv',10,F,34,Right,23,2,96
10_24_1.edf',10_24_1.csv',10,F,34,Right,24,1,82
10_24_2.edf',10_24_2.csv',10,F,34,Right,24,2,97
10_25_1.edf',10_25_1.csv',10,F,34,Right,25,1,79
10_25_2.edf',10_25_2.csv',10,F,34,Right,25,2,77
10_26_1.edf',10_26_1.csv',10,F,34,Right,26,1,90
10_26_2.edf',10_26_2.csv',10,F,34,Right,26,2,89
10_27_1.edf',10_27_1.csv',10,F,34,Right,27,1,84
10_27_2.edf',10_27_2.csv',10,F,34,Right,27,2,89
10_2_3.edf',10_2_3.csv',10,F,34,Right,2,3,96
10_2_4.edf',10_2_4.csv',10,F,34,Right,2,4,96
10_3_3.edf',10_3_3.csv',10,F,34,Right,3,3,92
10_3_4.edf',10_3_4.csv',10,F,34,Right,3,4,98
10_4_1.edf',10_4_1.csv',10,F,34,Right,4,1,88
10_4_2.edf',10_4_2.csv',10,F,34,Right,4,2,89
10_5_1.edf',10_5_1.csv',10,F,34,Right,5,1,93
10_5_2.edf',10_5_2.csv',10,F,34,Right,5,2,94
10_6_1.edf',10_6_1.csv',10,F,34,Right,6,1,67
10_6_2.edf',10_6_2.csv',10,F,34,Right,6,2,88
10_7_1.edf',10_7_1.csv',10,F,34,Right,7,1,90
10_7_2.edf',10_7_2.csv',10,F,34,Right,7,2,92
10_8_1.edf',10_8_1.csv',10,F,34,Right,8,1,67
10_8_2.edf',10_8_2.csv',10,F,34,Right,8,2,66
10_8_3.edf',10_8_3.csv',10,F,34,Right,8,3,75
10_9_1.edf',10_9_1.csv',10,F,34,Right,9,1,79
10_9_2.edf',10_9_2.csv',10,F,34,Right,9,2,77
11_10_1.edf',11_10_1.csv',11,M,44,Right,10,1,93
11_10_2.edf',11_10_2.csv',11,M,44,Right,10,2,95
11_11_1.edf',11_11_1.csv',11,M,44,Right,11,1,73
11_11_2.edf',11_11_2.csv',11,M,44,Right,11,2,69
11_12_1.edf',11_12_1.csv',11,M,44,Right,12,1,78
11_12_2.edf',11_12_2.csv',11,M,44,Right,12,2,91
11_13_1.edf',11_13_1.csv',11,M,44,Right,13,1,66
11_13_2.edf',11_13_2.csv',11,M,44,Right,13,2,85
11_14_1.edf',11_14_1.csv',11,M,44,Right,14,1,68
11_14_2.edf',11_14_2.csv',11,M,44,Right,14,2,95
11_15_1.edf',11_15_1.csv',11,M,44,Right,15,1,100
11_15_2.edf',11_15_2.csv',11,M,44,Right,15,2,97
11_16_1.edf',11_16_1.csv',11,M,44,Right,16,1,98
11_16_2.edf',11_16_2.csv',11,M,44,Right,16,2,94
11_17_1.edf',11_17_1.csv',11,M,44,Right,17,1,75
11_17_2.edf',11_17_2.csv',11,M,44,Right,17,2,89
11_18_1.edf',11_18_1.csv',11,M,44,Right,18,1,77
11_18_2.edf',11_18_2.csv',11,M,44,Right,18,2,85
11_19_1.edf',11_19_1.csv',11,M,44,Right,19,1,69
11_19_2.edf',11_19_2.csv',11,M,44,Right,19,2,95
11_1_1.edf',11_1_1.csv',11,M,44,Right,1,1,89
11_1_2.edf',11_1_2.csv',11,M,44,Right,1,2,94
11_20_1.edf',11_20_1.csv',11,M,44,Right,20,1,94
11_20_2.edf',11_20_2.csv',11,M,44,Right,20,2,99
11_21_1.edf',11_21_1.csv',11,M,44,Right,21,1,96
11_21_2.edf',11_21_2.csv',11,M,44,Right,21,2,94
11_22_1.edf',11_22_1.csv',11,M,44,Right,22,1,69
11_22_2.edf',11_22_2.csv',11,M,44,Right,22,2,71
11_23_1.edf',11_23_1.csv',11,M,44,Right,23,1,82
11_23_2.edf',11_23_2.csv',11,M,44,Right,23,2,98
11_24_1.edf',11_24_1.csv',11,M,44,Right,24,1,92
11_24_2.edf',11_24_2.csv',11,M,44,Right,24,2,90
11_25_1.edf',11_25_1.csv',11,M,44,Right,25,1,89
11_25_2.edf',11_25_2.csv',11,M,44,Right,25,2,93
11_26_1.edf',11_26_1.csv',11,M,44,Right,26,1,88
11_26_2.edf',11_26_2.csv',11,M,44,Right,26,2,95
11_27_1.edf',11_27_1.csv',11,M,44,Right,27,1,88
11_27_2.edf',11_27_2.csv',11,M,44,Right,27,2,92
11_2_1.edf',11_2_1.csv',11,M,44,Right,2,1,85
11_2_2.edf',11_2_2.csv',11,M,44,Right,2,2,87
11_3_1.edf',11_3_1.csv',11,M,44,Right,3,1,82
11_3_2.edf',11_3_2.csv',11,M,44,Right,3,2,71
11_4_1.edf',11_4_1.csv',11,M,44,Right,4,1,90
11_4_2.edf',11_4_2.csv',11,M,44,Right,4,2,95
11_5_1.edf',11_5_1.csv',11,M,44,Right,5,1,70
11_5_2.edf',11_5_2.csv',11,M,44,Right,5,2,87
11_6_1.edf',11_6_1.csv',11,M,44,Right,6,1,64
11_6_2.edf',11_6_2.csv',11,M,44,Right,6,2,78
11_7_1.edf',11_7_1.csv',11,M,44,Right,7,1,97
11_7_2.edf',11_7_2.csv',11,M,44,Right,7,2,98
11_8_1.edf',11_8_1.csv',11,M,44,Right,8,1,83
11_8_2.edf',11_8_2.csv',11,M,44,Right,8,2,82
11_9_1.edf',11_9_1.csv',11,M,44,Right,9,1,75
11_9_2.edf',11_9_2.csv',11,M,44,Right,9,2,100
12_10_1.edf',12_10_1.csv',12,M,67,Right,10,1,93
12_10_2.edf',12_10_2.csv',12,M,67,Right,10,2,96
12_11_1.edf',12_11_1.csv',12,M,67,Right,11,1,62
12_11_2.edf',12_11_2.csv',12,M,67,Right,11,2,49
12_11_3.edf',12_11_3.csv',12,M,67,Right,11,3,55
12_11_4.edf',12_11_4.csv',12,M,67,Right,11,4,69
12_11_5.edf',12_11_5.csv',12,M,67,Right,11,5,72
12_12_1.edf',12_12_1.csv',12,M,67,Right,12,1,77
12_12_2.edf',12_12_2.csv',12,M,67,Right,12,2,85
12_13_1.edf',12_13_1.csv',12,M,67,Right,13,1,84
12_13_2.edf',12_13_2.csv',12,M,67,Right,13,2,87
12_14_1.edf',12_14_1.csv',12,M,67,Right,14,1,42
12_14_2.edf',12_14_2.csv',12,M,67,Right,14,2,72
12_15_1.edf',12_15_1.csv',12,M,67,Right,15,1,99
12_15_2.edf',12_15_2.csv',12,M,67,Right,15,2,97
12_16_1.edf',12_16_1.csv',12,M,67,Right,16,1,77
12_16_2.edf',12_16_2.csv',12,M,67,Right,16,2,94
12_17_1.edf',12_17_1.csv',12,M,67,Right,17,1,82
12_17_2.edf',12_17_2.csv',12,M,67,Right,17,2,79
12_18_1.edf',12_18_1.csv',12,M,67,Right,18,1,91
12_18_2.edf',12_18_2.csv',12,M,67,Right,18,2,86
12_19_1.edf',12_19_1.csv',12,M,67,Right,19,1,66
12_19_2.edf',12_19_2.csv',12,M,67,Right,19,2,71
12_1_1.edf',12_1_1.csv',12,M,67,Right,1,1,87
12_1_2.edf',12_1_2.csv',12,M,67,Right,1,2,96
12_20_1.edf',12_20_1.csv',12,M,67,Right,20,1,88
12_20_2.edf',12_20_2.csv',12,M,67,Right,20,2,81
12_21_1.edf',12_21_1.csv',12,M,67,Right,21,1,74
12_21_2.edf',12_21_2.csv',12,M,67,Right,21,2,78
12_22_1.edf',12_22_1.csv',12,M,67,Right,22,1,48
12_22_2.edf',12_22_2.csv',12,M,67,Right,22,2,63
12_22_3.edf',12_22_3.csv',12,M,67,Right,22,3,74
12_23_1.edf',12_23_1.csv',12,M,67,Right,23,1,78
12_23_2.edf',12_23_2.csv',12,M,67,Right,23,2,88
12_24_1.edf',12_24_1.csv',12,M,67,Right,24,1,69
12_24_2.edf',12_24_2.csv',12,M,67,Right,24,2,92
12_25_1.edf',12_25_1.csv',12,M,67,Right,25,1,51
12_25_2.edf',12_25_2.csv',12,M,67,Right,25,2,79
12_26_1.edf',12_26_1.csv',12,M,67,Right,26,1,67
12_26_2.edf',12_26_2.csv',12,M,67,Right,26,2,70
12_27_1.edf',12_27_1.csv',12,M,67,Right,27,1,85
12_27_2.edf',12_27_2.csv',12,M,67,Right,27,2,86
12_2_1.edf',12_2_1.csv',12,M,67,Right,2,1,66
12_2_2.edf',12_2_2.csv',12,M,67,Right,2,2,88
12_3_1.edf',12_3_1.csv',12,M,67,Right,3,1,85
12_3_2.edf',12_3_2.csv',12,M,67,Right,3,2,87
12_4_1.edf',12_4_1.csv',12,M,67,Right,4,1,87
12_4_2.edf',12_4_2.csv',12,M,67,Right,4,2,85
12_5_1.edf',12_5_1.csv',12,M,67,Right,5,1,49
12_5_2.edf',12_5_2.csv',12,M,67,Right,5,2,50
12_5_3.edf',12_5_3.csv',12,M,67,Right,5,3,66
12_5_4.edf',12_5_4.csv',12,M,67,Right,5,4,59
12_5_5.edf',12_5_5.csv',12,M,67,Right,5,5,94
12_6_1.edf',12_6_1.csv',12,M,67,Right,6,1,45
12_6_2.edf',12_6_2.csv',12,M,67,Right,6,2,50
12_6_3.edf',12_6_3.csv',12,M,67,Right,6,3,56
12_6_4.edf',12_6_4.csv',12,M,67,Right,6,4,76
12_7_1.edf',12_7_1.csv',12,M,67,Right,7,1,95
12_7_2.edf',12_7_2.csv',12,M,67,Right,7,2,98
12_8_1.edf',12_8_1.csv',12,M,67,Right,8,1,95
12_8_2.edf',12_8_2.csv',12,M,67,Right,8,2,91
12_9_1.edf',12_9_1.csv',12,M,67,Right,9,1,88
12_9_2.edf',12_9_2.csv',12,M,67,Right,9,2,99
13_10_1.edf',13_10_1.csv',13,F,23,Right,10,1,92
13_10_2.edf',13_10_2.csv',13,F,23,Right,10,2,92
13_11_1.edf',13_11_1.csv',13,F,23,Right,11,1,79
13_11_2.edf',13_11_2.csv',13,F,23,Right,11,2,76
13_12_1.edf',13_12_1.csv',13,F,23,Right,12,1,97
13_12_2.edf',13_12_2.csv',13,F,23,Right,12,2,99
13_13_1.edf',13_13_1.csv',13,F,23,Right,13,1,89
13_13_2.edf',13_13_2.csv',13,F,23,Right,13,2,89
13_14_1.edf',13_14_1.csv',13,F,23,Right,14,1,37
13_14_2.edf',13_14_2.csv',13,F,23,Right,14,2,61
13_14_3.edf',13_14_3.csv',13,F,23,Right,14,3,79
13_15_1.edf',13_15_1.csv',13,F,23,Right,15,1,78
13_15_2.edf',13_15_2.csv',13,F,23,Right,15,2,97
13_16_1.edf',13_16_1.csv',13,F,23,Right,16,1,78
13_16_2.edf',13_16_2.csv',13,F,23,Right,16,2,83
13_17_1.edf',13_17_1.csv',13,F,23,Right,17,1,78
13_17_2.edf',13_17_2.csv',13,F,23,Right,17,2,70
13_18_1.edf',13_18_1.csv',13,F,23,Right,18,1,58
13_18_2.edf',13_18_2.csv',13,F,23,Right,18,2,36
13_18_3.edf',13_18_3.csv',13,F,23,Right,18,3,73
13_19_1.edf',13_19_1.csv',13,F,23,Right,19,1,66
13_19_2.edf',13_19_2.csv',13,F,23,Right,19,2,68
13_19_3.edf',13_19_3.csv',13,F,23,Right,19,3,71
13_1_1.edf',13_1_1.csv',13,F,23,Right,1,1,94
13_1_2.edf',13_1_2.csv',13,F,23,Right,1,2,95
13_20_1.edf',13_20_1.csv',13,F,23,Right,20,1,90
13_20_2.edf',13_20_2.csv',13,F,23,Right,20,2,89
13_21_1.edf',13_21_1.csv',13,F,23,Right,21,1,91
13_21_2.edf',13_21_2.csv',13,F,23,Right,21,2,90
13_22_1.edf',13_22_1.csv',13,F,23,Right,22,1,48
13_22_2.edf',13_22_2.csv',13,F,23,Right,22,2,78
13_23_1.edf',13_23_1.csv',13,F,23,Right,23,1,90
13_23_2.edf',13_23_2.csv',13,F,23,Right,23,2,92
13_24_1.edf',13_24_1.csv',13,F,23,Right,24,1,83
13_24_2.edf',13_24_2.csv',13,F,23,Right,24,2,94
13_25_1.edf',13_25_1.csv',13,F,23,Right,25,1,92
13_25_2.edf',13_25_2.csv',13,F,23,Right,25,2,97
13_26_1.edf',13_26_1.csv',13,F,23,Right,26,1,95
13_26_2.edf',13_26_2.csv',13,F,23,Right,26,2,94
13_27_1.edf',13_27_1.csv',13,F,23,Right,27,1,93
13_27_2.edf',13_27_2.csv',13,F,23,Right,27,2,87
13_2_1.edf',13_2_1.csv',13,F,23,Right,2,1,83
13_2_2.edf',13_2_2.csv',13,F,23,Right,2,2,91
13_3_1.edf',13_3_1.csv',13,F,23,Right,3,1,93
13_3_2.edf',13_3_2.csv',13,F,23,Right,3,2,95
13_4_1.edf',13_4_1.csv',13,F,23,Right,4,1,78
13_4_2.edf',13_4_2.csv',13,F,23,Right,4,2,85
13_5_1.edf',13_5_1.csv',13,F,23,Right,5,1,83
13_5_2.edf',13_5_2.csv',13,F,23,Right,5,2,81
13_6_1.edf',13_6_1.csv',13,F,23,Right,6,1,66
13_6_2.edf',13_6_2.csv',13,F,23,Right,6,2,72
13_7_1.edf',13_7_1.csv',13,F,23,Right,7,1,97
13_7_2.edf',13_7_2.csv',13,F,23,Right,7,2,98
13_8_1.edf',13_8_1.csv',13,F,23,Right,8,1,74
13_8_2.edf',13_8_2.csv',13,F,23,Right,8,2,84
13_9_1.edf',13_9_1.csv',13,F,23,Right,9,1,92
13_9_2.edf',13_9_2.csv',13,F,23,Right,9,2,94
14_10_1.edf',14_10_1.csv',14,M,47,Right,10,1,95
14_10_2.edf',14_10_2.csv',14,M,47,Right,10,2,98
14_11_1.edf',14_11_1.csv',14,M,47,Right,11,1,42
14_11_2.edf',14_11_2.csv',14,M,47,Right,11,2,74
14_12_1.edf',14_12_1.csv',14,M,47,Right,12,1,99
14_12_2.edf',14_12_2.csv',14,M,47,Right,12,2,100
14_13_1.edf',14_13_1.csv',14,M,47,Right,13,1,100
14_13_2.edf',14_13_2.csv',14,M,47,Right,13,2,100
14_14_1.edf',14_14_1.csv',14,M,47,Right,14,1,90
14_14_2.edf',14_14_2.csv',14,M,47,Right,14,2,79
14_15_1.edf',14_15_1.csv',14,M,47,Right,15,1,100
14_15_2.edf',14_15_2.csv',14,M,47,Right,15,2,100
14_16_1.edf',14_16_1.csv',14,M,47,Right,16,1,92
14_16_2.edf',14_16_2.csv',14,M,47,Right,16,2,98
14_17_1.edf',14_17_1.csv',14,M,47,Right,17,1,97
14_17_2.edf',14_17_2.csv',14,M,47,Right,17,2,100
14_18_1.edf',14_18_1.csv',14,M,47,Right,18,1,97
14_18_2.edf',14_18_2.csv',14,M,47,Right,18,2,97
14_19_1.edf',14_19_1.csv',14,M,47,Right,19,1,94
14_19_2.edf',14_19_2.csv',14,M,47,Right,19,2,94
14_1_1.edf',14_1_1.csv',14,M,47,Right,1,1,86
14_1_2.edf',14_1_2.csv',14,M,47,Right,1,2,96
14_20_1.edf',14_20_1.csv',14,M,47,Right,20,1,94
14_20_2.edf',14_20_2.csv',14,M,47,Right,20,2,97
14_21_1.edf',14_21_1.csv',14,M,47,Right,21,1,91
14_21_2.edf',14_21_2.csv',14,M,47,Right,21,2,74
14_22_1.edf',14_22_1.csv',14,M,47,Right,22,1,86
14_22_2.edf',14_22_2.csv',14,M,47,Right,22,2,91
14_23_1.edf',14_23_1.csv',14,M,47,Right,23,1,94
14_23_2.edf',14_23_2.csv',14,M,47,Right,23,2,93
14_24_1.edf',14_24_1.csv',14,M,47,Right,24,1,78
14_24_2.edf',14_24_2.csv',14,M,47,Right,24,2,92
14_25_1.edf',14_25_1.csv',14,M,47,Right,25,1,83
14_25_2.edf',14_25_2.csv',14,M,47,Right,25,2,83
14_26_1.edf',14_26_1.csv',14,M,47,Right,26,1,88
14_26_2.edf',14_26_2.csv',14,M,47,Right,26,2,83
14_27_1.edf',14_27_1.csv',14,M,47,Right,27,1,78
14_27_2.edf',14_27_2.csv',14,M,47,Right,27,2,76
14_2_1.edf',14_2_1.csv',14,M,47,Right,2,1,69
14_2_2.edf',14_2_2.csv',14,M,47,Right,2,2,95
14_3_1.edf',14_3_1.csv',14,M,47,Right,3,1,100
14_3_2.edf',14_3_2.csv',14,M,47,Right,3,2,100
14_4_1.edf',14_4_1.csv',14,M,47,Right,4,1,95
14_4_2.edf',14_4_2.csv',14,M,47,Right,4,2,92
14_5_1.edf',14_5_1.csv',14,M,47,Right,5,1,92
14_5_2.edf',14_5_2.csv',14,M,47,Right,5,2,92
14_6_1.edf',14_6_1.csv',14,M,47,Right,6,1,52
14_6_2.edf',14_6_2.csv',14,M,47,Right,6,2,73
14_7_1.edf',14_7_1.csv',14,M,47,Right,7,1,96
14_7_2.edf',14_7_2.csv',14,M,47,Right,7,2,99
14_8_1.edf',14_8_1.csv',14,M,47,Right,8,1,100
14_8_2.edf',14_8_2.csv',14,M,47,Right,8,2,87
14_9_1.edf',14_9_1.csv',14,M,47,Right,9,1,99
14_9_2.edf',14_9_2.csv',14,M,47,Right,9,2,96
15_10_1.edf',15_10_1.csv',15,F,22,Right,10,1,88
15_10_2.edf',15_10_2.csv',15,F,22,Right,10,2,83
15_11_1.edf',15_11_1.csv',15,F,22,Right,11,1,76
15_11_2.edf',15_11_2.csv',15,F,22,Right,11,2,90
15_12_1.edf',15_12_1.csv',15,F,22,Right,12,1,97
15_12_2.edf',15_12_2.csv',15,F,22,Right,12,2,100
15_13_1.edf',15_13_1.csv',15,F,22,Right,13,1,99
15_13_2.edf',15_13_2.csv',15,F,22,Right,13,2,80
15_14_1.edf',15_14_1.csv',15,F,22,Right,14,1,28
15_14_2.edf',15_14_2.csv',15,F,22,Right,14,2,66
15_14_3.edf',15_14_3.csv',15,F,22,Right,14,3,69
15_14_4.edf',15_14_4.csv',15,F,22,Right,14,4,68
15_14_5.edf',15_14_5.csv',15,F,22,Right,14,5,46
15_14_6.edf',15_14_6.csv',15,F,22,Right,14,6,66
15_14_7.edf',15_14_7.csv',15,F,22,Right,14,7,83
15_15_1.edf',15_15_1.csv',15,F,22,Right,15,1,100
15_15_2.edf',15_15_2.csv',15,F,22,Right,15,2,87
15_16_1.edf',15_16_1.csv',15,F,22,Right,16,1,67
15_16_2.edf',15_16_2.csv',15,F,22,Right,16,2,84
15_17_1.edf',15_17_1.csv',15,F,22,Right,17,1,44
15_17_2.edf',15_17_2.csv',15,F,22,Right,17,2,74
15_18_1.edf',15_18_1.csv',15,F,22,Right,18,1,83
15_18_2.edf',15_18_2.csv',15,F,22,Right,18,2,88
15_19_1.edf',15_19_1.csv',15,F,22,Right,19,1,82
15_19_2.edf',15_19_2.csv',15,F,22,Right,19,2,74
15_1_1.edf',15_1_1.csv',15,F,22,Right,1,1,98
15_1_2.edf',15_1_2.csv',15,F,22,Right,1,2,97
15_20_1-1.edf',15_20_1.csv',15,F,22,Right,20,1,89
15_20_2.edf',15_20_2.csv',15,F,22,Right,20,2,82
15_21_1.edf',15_21_1.csv',15,F,22,Right,21,1,82
15_21_2.edf',15_21_2.csv',15,F,22,Right,21,2,76
15_22_1.edf',15_22_1.csv',15,F,22,Right,22,1,64
15_22_2.edf',15_22_2.csv',15,F,22,Right,22,2,70
15_23_1.edf',,15,F,22,Right,23,1,65
15_23_2.edf',,15,F,22,Right,23,2,96
15_24_1.edf',,15,F,22,Right,24,1,76
15_24_2.edf',,15,F,22,Right,24,2,96
15_25_1.edf',,15,F,22,Right,25,1,89
15_25_2.edf',,15,F,22,Right,25,2,98
15_26_1.edf',,15,F,22,Right,26,1,95
15_26_2.edf',,15,F,22,Right,26,2,96
15_27_1.edf',,15,F,22,Right,27,1,96
15_27_2.edf',,15,F,22,Right,27,2,93
15_2_1.edf',15_2_1.csv',15,F,22,Right,2,1,92
15_2_2.edf',15_2_2.csv',15,F,22,Right,2,2,100
15_3_1.edf',15_3_1.csv',15,F,22,Right,3,1,100
15_3_2.edf',15_3_2.csv',15,F,22,Right,3,2,98
15_4_1.edf',15_4_1.csv',15,F,22,Right,4,1,88
15_4_2.edf',15_4_2.csv',15,F,22,Right,4,2,86
15_5_1.edf',15_5_1.csv',15,F,22,Right,5,1,77
15_5_2.edf',15_5_2.csv',15,F,22,Right,5,2,91
15_6_1.edf',15_6_1.csv',15,F,22,Right,6,1,19
15_6_2.edf',15_6_2.csv',15,F,22,Right,6,2,49
15_6_3.edf',15_6_3.csv',15,F,22,Right,6,3,70
15_7_1.edf',15_7_1.csv',15,F,22,Right,7,1,99
15_7_2.edf',15_7_2.csv',15,F,22,Right,7,2,98
15_8_1.edf',15_8_1.csv',15,F,22,Right,8,1,82
15_8_2.edf',15_8_2.csv',15,F,22,Right,8,2,93
15_9_ 2.edf',15_9_1.csv',15,F,22,Right,9,1,86
15_9_1.edf',15_9_2.csv',15,F,22,Right,9,2,97
16_10_1.edf',16_10_1.csv',16,F,36,Right,10,1,43
16_10_2.edf',16_10_2.csv',16,F,36,Right,10,2,78
16_11_1.edf',16_11_1.csv',16,F,36,Right,11,1,63
16_11_2.edf',16_11_2.csv',16,F,36,Right,11,2,57
16_11_3.edf',16_11_3.csv',16,F,36,Right,11,3,69
16_11_4.edf',16_11_4.csv',16,F,36,Right,11,4,67
16_11_5.edf',16_11_5.csv',16,F,36,Right,11,5,87
16_12_1.edf',16_12_1.csv',16,F,36,Right,12,1,80
16_12_2.edf',16_12_2.csv',16,F,36,Right,12,2,95
16_13_1.edf',16_13_1.csv',16,F,36,Right,13,1,87
16_13_2.edf',16_13_2.csv',16,F,36,Right,13,2,48
16_14_1.edf',,16,F,36,Right,14,1,14
16_14_10.edf',16_14_10.csv',16,F,36,Right,14,10,63
16_14_11.edf',16_14_11.csv',16,F,36,Right,14,11,60
16_14_12.edf',16_14_12.csv',16,F,36,Right,14,12,64
16_14_13.edf',16_14_13.csv',16,F,36,Right,14,13,70
16_14_2.edf',,16,F,36,Right,14,2,25
16_14_3.edf',,16,F,36,Right,14,3,2
16_14_4.edf',,16,F,36,Right,14,4,47
16_14_5.edf',,16,F,36,Right,14,5,41
16_14_6.edf',,16,F,36,Right,14,6,1000
16_14_7.edf',16_14_7.csv',16,F,36,Right,14,7,29
16_14_8.edf',16_14_8.csv',16,F,36,Right,14,8,51
16_14_9.edf',16_14_9.csv',16,F,36,Right,14,9,40
16_15_1.edf',16_15_1.csv',16,F,36,Right,15,1,39
16_15_2.edf',16_15_2.csv',16,F,36,Right,15,2,73
16_16_1.edf',16_16_1.csv',16,F,36,Right,16,1,30
16_16_2.edf',16_16_2.csv',16,F,36,Right,16,2,86
16_17_1.edf',16_17_1.csv',16,F,36,Right,17,1,79
16_17_2.edf',16_17_2.csv',16,F,36,Right,17,2,72
16_18_1.edf',16_18_1.csv',16,F,36,Right,18,1,70
16_18_2.edf',16_18_2.csv',16,F,36,Right,18,2,81
16_19_1.edf',16_19_1.csv',16,F,36,Right,19,1,57
16_19_2.edf',16_19_2.csv',16,F,36,Right,19,2,51
16_19_3.edf',16_19_3.csv',16,F,36,Right,19,3,54
16_19_4.edf',16_19_4.csv',16,F,36,Right,19,4,67
16_19_5.edf',16_19_5.csv',16,F,36,Right,19,5,57
16_19_6.edf',16_19_6.csv',16,F,36,Right,19,6,61
16_19_7.edf',16_19_7.csv',16,F,36,Right,19,7,65
16_19_8.edf',16_19_8.csv',16,F,36,Right,19,8,61
16_19_9.edf',16_19_9.csv',16,F,36,Right,19,9,77
16_1_1.edf',16_1_1.csv',16,F,36,Right,1,1,89
16_1_2.edf',16_1_2.csv',16,F,36,Right,1,2,91
16_20_1.edf',16_20_1.csv',16,F,36,Right,20,1,58
16_20_2.edf',16_20_2.csv',16,F,36,Right,20,2,49
16_20_3.edf',16_20_3.csv',16,F,36,Right,20,3,34
16_20_4.edf',16_20_4.csv',16,F,36,Right,20,4,46
16_20_5.edf',16_20_5.csv',16,F,36,Right,20,5,57
16_20_6.edf',16_20_6.csv',16,F,36,Right,20,6,75
16_21_1.edf',16_21_1.csv',16,F,36,Right,21,1,41
16_21_2.edf',16_21_2.csv',16,F,36,Right,21,2,77
16_22_1.edf',16_22_1.csv',16,F,36,Right,22,1,59
16_22_2.edf',16_22_2.csv',16,F,36,Right,22,2,51
16_22_3.edf',16_22_3.csv',16,F,36,Right,22,3,45
16_22_4.edf',16_22_4.csv',16,F,36,Right,22,4,78
16_23_1.edf',16_23_1.csv',16,F,36,Right,23,1,72
16_23_2.edf',16_23_2.csv',16,F,36,Right,23,2,86
16_24_1.edf',16_24_1.csv',16,F,36,Right,24,1,67
16_24_2.edf',16_24_2.csv',16,F,36,Right,24,2,85
16_25_1.edf',16_25_1.csv',16,F,36,Right,25,1,69
16_25_2.edf',16_25_2.csv',16,F,36,Right,25,2,73
16_26_1.edf',16_26_1.csv',16,F,36,Right,26,1,83
16_26_2.edf',16_26_2.csv',16,F,36,Right,26,2,61
16_27_1.edf',16_27_1.csv',16,F,36,Right,27,1,82
16_27_2.edf',16_27_2.csv',16,F,36,Right,27,2,79
16_2_1.edf',16_2_1.csv',16,F,36,Right,2,1,52
16_2_2.edf',16_2_2.csv',16,F,36,Right,2,2,58
16_2_3.edf',16_2_3.csv',16,F,36,Right,2,3,95
16_3_1.edf',16_3_1.csv',16,F,36,Right,3,1,58
16_3_2.edf',16_3_2.csv',16,F,36,Right,3,2,73
16_4_1.edf',16_4_1.csv',16,F,36,Right,4,1,52
16_4_2.edf',16_4_2.csv',16,F,36,Right,4,2,60
16_4_3.edf',16_4_3.csv',16,F,36,Right,4,3,61
16_4_4.edf',16_4_4.csv',16,F,36,Right,4,4,62
16_4_5.edf',16_4_5.csv',16,F,36,Right,4,5,53
16_4_6.edf',16_4_6.csv',16,F,36,Right,4,6,75
16_5_1.edf',16_5_1.csv',16,F,36,Right,5,1,53
16_5_10.edf',,16,F,36,Right,5,10,59
16_5_11.edf',,16,F,36,Right,5,11,71
16_5_2.edf',16_5_2.csv',16,F,36,Right,5,2,46
16_5_3.edf',16_5_3.csv',16,F,36,Right,5,3,51
16_5_4.edf',16_5_4.csv',16,F,36,Right,5,4,47
16_5_5.edf',16_5_5.csv',16,F,36,Right,5,5,50
16_5_6.edf',16_5_6.csv',16,F,36,Right,5,6,39
16_5_7.edf',,16,F,36,Right,5,7,58
16_5_8.edf',,16,F,36,Right,5,8,47
16_5_9.edf',,16,F,36,Right,5,9,58
16_6_1.edf',,16,F,36,Right,6,1,21
16_6_2.edf',,16,F,36,Right,6,2,20
16_6_3.edf',16_6_3.csv',16,F,36,Right,6,3,41
16_6_4.edf',16_6_4.csv',16,F,36,Right,6,4,43
16_6_5.edf',16_6_5.csv',16,F,36,Right,6,5,30
16_6_6.edf',16_6_6.csv',16,F,36,Right,6,6,12
16_6_7.edf',16_6_7.csv',16,F,36,Right,6,7,37
16_6_8.edf',16_6_8.csv',16,F,36,Right,6,8,33
16_6_9.edf',16_6_9.csv',16,F,36,Right,6,9,85
16_7_1.edf',16_7_1.csv',16,F,36,Right,7,1,90
16_7_2.edf',16_7_2.csv',16,F,36,Right,7,2,97
16_8_1.edf',16_8_1.csv',16,F,36,Right,8,1,29
16_8_2.edf',16_8_2.csv',16,F,36,Right,8,2,72
16_9_1.edf',16_9_1.csv',16,F,36,Right,9,1,71
16_9_2.edf',16_9_2.csv',16,F,36,Right,9,2,63
17_10_1.edf',17_10_1.csv',17,F,23,Right,10,1,74
17_10_2.edf',17_10_2.csv',17,F,23,Right,10,2,80
17_11_1.edf',17_11_1.csv',17,F,23,Right,11,1,74
17_11_2.edf',17_11_2.csv',17,F,23,Right,11,2,83
17_12_1.edf',17_12_1.csv',17,F,23,Right,12,1,97
17_12_2.edf',17_12_2.csv',17,F,23,Right,12,2,96
17_13_1.edf',17_13_1.csv',17,F,23,Right,13,1,88
17_13_2.edf',17_13_2.csv',17,F,23,Right,13,2,100
17_14_1.edf',17_14_1.csv',17,F,23,Right,14,1,82
17_14_2.edf',17_14_2.csv',17,F,23,Right,14,2,16
17_15_1.edf',17_15_1.csv',17,F,23,Right,15,1,94
17_15_2.edf',17_15_2.csv',17,F,23,Right,15,2,91
17_16_1.edf',17_16_1.csv',17,F,23,Right,16,1,92
17_16_2.edf',17_16_2.csv',17,F,23,Right,16,2,84
17_17_1.edf',17_17_1.csv',17,F,23,Right,17,1,49
17_17_2.edf',17_17_2.csv',17,F,23,Right,17,2,97
17_18_1.edf',17_18_1.csv',17,F,23,Right,18,1,81
17_18_2.edf',17_18_2.csv',17,F,23,Right,18,2,97
17_19_1.edf',17_19_1.csv',17,F,23,Right,19,1,83
17_19_2.edf',17_19_2.csv',17,F,23,Right,19,2,99
17_1_1.edf',17_1_1.csv',17,F,23,Right,1,1,90
17_1_2.edf',17_1_2.csv',17,F,23,Right,1,2,96
17_20_1.edf',17_20_1.csv',17,F,23,Right,20,1,100
17_20_2.edf',17_20_2.csv',17,F,23,Right,20,2,97
17_21_1.edf',17_21_1.csv',17,F,23,Right,21,1,93
17_21_2.edf',17_21_2.csv',17,F,23,Right,21,2,92
17_22_1.edf',17_22_1.csv',17,F,23,Right,22,1,64
17_22_2.edf',17_22_2.csv',17,F,23,Right,22,2,95
17_23_1.edf',17_23_1.csv',17,F,23,Right,23,1,89
17_23_2.edf',17_23_2.csv',17,F,23,Right,23,2,97
17_24_1.edf',17_24_1.csv',17,F,23,Right,24,1,83
17_24_2.edf',17_24_2.csv',17,F,23,Right,24,2,100
17_25_1.edf',17_25_1.csv',17,F,23,Right,25,1,95
17_25_2.edf',17_25_2.csv',17,F,23,Right,25,2,98
17_26_1.edf',17_26_1.csv',17,F,23,Right,26,1,92
17_26_2.edf',17_26_2.csv',17,F,23,Right,26,2,96
17_27_1.edf',17_27_1.csv',17,F,23,Right,27,1,89
17_27_2.edf',17_27_2.csv',17,F,23,Right,27,2,91
17_27_3.edf',17_27_3.csv',17,F,23,Right,27,3,96
17_27_4.edf',17_27_4.csv',17,F,23,Right,27,4,95
17_2_1.edf',17_2_1.csv',17,F,23,Right,2,1,90
17_2_2.edf',17_2_2.csv',17,F,23,Right,2,2,94
17_3_1.edf',17_3_1.csv',17,F,23,Right,3,1,97
17_3_2.edf',17_3_2.csv',17,F,23,Right,3,2,92
17_4_1.edf',17_4_1.csv',17,F,23,Right,4,1,74
17_4_2.edf',17_4_2.csv',17,F,23,Right,4,2,90
17_5_1.edf',17_5_1.csv',17,F,23,Right,5,1,76
17_5_2.edf',17_5_2.csv',17,F,23,Right,5,2,71
17_6_1.edf',17_6_1.csv',17,F,23,Right,6,1,59
17_6_2.edf',17_6_2.csv',17,F,23,Right,6,2,54
17_6_3.edf',17_6_3.csv',17,F,23,Right,6,3,55
17_6_4.edf',17_6_4.csv',17,F,23,Right,6,4,63
17_6_5.edf',17_6_5.csv',17,F,23,Right,6,5,75
17_7_1.edf',17_7_1.csv',17,F,23,Right,7,1,90
17_7_2.edf',17_7_2.csv',17,F,23,Right,7,2,92
17_8_1.edf',17_8_1.csv',17,F,23,Right,8,1,69
17_8_2.edf',17_8_2.csv',17,F,23,Right,8,2,78
17_9_1.edf',17_9_1.csv',17,F,23,Right,9,1,83
17_9_2.edf',17_9_2.csv',17,F,23,Right,9,2,97
'1_10_1.edf','1_10_1.csv',1,M,32,Right,10,1,98
'1_10_2.edf','1_10_2.csv',1,M,32,Right,10,2,98
'1_11_1.edf','1_11_1.csv',1,M,32,Right,11,1,62
'1_11_2.edf','1_11_2.csv',1,M,32,Right,11,2,81
'1_12_1.edf','1_12_1.csv',1,M,32,Right,12,1,96
'1_12_2.edf','1_12_2.csv',1,M,32,Right,12,2,99
'1_13_1.edf','1_13_1.csv',1,M,32,Right,13,1,100
'1_13_2.edf','1_13_2.csv',1,M,32,Right,13,2,96
'1_14_1.edf','1_14_1.csv',1,M,32,Right,14,1,69
'1_14_2.edf','1_14_2.csv',1,M,32,Right,14,2,68
'1_14_3.edf','1_14_3.csv',1,M,32,Right,14,3,89
'1_15_1.edf','1_15_1.csv',1,M,32,Right,15,1,100
'1_15_2.edf','1_15_2.csv',1,M,32,Right,15,2,100
'1_16_1.edf','1_16_1.csv',1,M,32,Right,16,1,98
'1_16_2.edf','1_16_2.csv',1,M,32,Right,16,2,97
'1_17_1.edf','1_17_1.csv',1,M,32,Right,17,1,100
'1_17_2.edf','1_17_2.csv',1,M,32,Right,17,2,86
'1_18_1.edf','1_18_1.csv',1,M,32,Right,18,1,94
'1_18_2.edf','1_18_2.csv',1,M,32,Right,18,2,89
'1_19_1.edf','1_19_1.csv',1,M,32,Right,19,1,86
'1_19_2.edf','1_19_2.csv',1,M,32,Right,19,2,81
'1_1_1.edf',,1,M,32,Right,1,1,92
'1_1_2.edf',,1,M,32,Right,1,2,94
'1_1_3.edf','1_1_3.csv',1,M,32,Right,1,3,97
'1_1_4.edf','1_1_4.csv',1,M,32,Right,1,4,96
'1_20_1.edf','1_20_1.csv',1,M,32,Right,20,1,93
'1_20_2.edf','1_20_2.csv',1,M,32,Right,20,2,97
'1_21_1.edf','1_21_1.csv',1,M,32,Right,21,1,78
'1_21_2.edf','1_21_2.csv',1,M,32,Right,21,2,71
'1_22_1.edf','1_22_1.csv',1,M,32,Right,22,1,91
'1_22_2.edf','1_22_2.csv',1,M,32,Right,22,2,88
'1_23_1.edf','1_23_1.csv',1,M,32,Right,23,1,97
'1_23_2.edf','1_23_2.csv',1,M,32,Right,23,2,96
'1_24_1.edf','1_24_1.csv',1,M,32,Right,24,1,89
'1_24_2.edf','1_24_2.csv',1,M,32,Right,24,2,97
'1_25_1.edf','1_25_1.csv',1,M,32,Right,25,1,88
'1_25_2.edf','1_25_2.csv',1,M,32,Right,25,2,91
'1_26_1.edf','1_26_1.csv',1,M,32,Right,26,1,94
'1_26_2.edf','1_26_2.csv',1,M,32,Right,26,2,85
'1_27_1.edf','1_27_1.csv',1,M,32,Right,27,1,76
'1_27_2.edf','1_27_2.csv',1,M,32,Right,27,2,85
'1_2_1.edf',,1,M,32,Right,2,1,80
'1_2_2.edf',,1,M,32,Right,2,2,93
'1_2_3.edf','1_2_3.csv',1,M,32,Right,2,3,89
'1_2_4.edf','1_2_4.csv',1,M,32,Right,2,4,93
'1_3_1.edf',,1,M,32,Right,3,1,92
'1_3_2.edf',,1,M,32,Right,3,2,96
'1_3_3.edf','1_3_3.csv',1,M,32,Right,3,3,97
'1_3_4.edf','1_3_4.csv',1,M,32,Right,3,4,97
'1_4_1.edf',,1,M,32,Right,4,1,86
'1_4_2.edf',,1,M,32,Right,4,2,94
'1_4_3.edf','1_4_3.csv',1,M,32,Right,4,3,85
'1_4_4.edf','1_4_4.csv',1,M,32,Right,4,4,93
'1_5_1.edf',,1,M,32,Right,5,1,96
'1_5_2.edf',,1,M,32,Right,5,2,89
'1_5_3.edf','1_5_3.csv',1,M,32,Right,5,3,97
'1_5_4.edf','1_5_4.csv',1,M,32,Right,5,4,100
'1_6_1.edf',,1,M,32,Right,6,1,51
'1_6_2.edf',,1,M,32,Right,6,2,56
'1_6_3.edf',,1,M,32,Right,6,3,44
'1_6_4.edf',,1,M,32,Right,6,4,69
'1_6_5.edf',,1,M,32,Right,6,5,89
'1_6_6.edf','1_6_6.csv',1,M,32,Right,6,6,77
'1_6_7.edf','1_6_7.csv',1,M,32,Right,6,7,88
'1_7_1.edf',,1,M,32,Right,7,1,94
'1_7_2.edf',,1,M,32,Right,7,2,94
'1_7_3.edf','1_7_3.csv',1,M,32,Right,7,3,97
'1_7_4.edf','1_7_4.csv',1,M,32,Right,7,4,96
'1_8_1.edf',,1,M,32,Right,8,1,80
'1_8_2.edf',,1,M,32,Right,8,2,86
'1_8_3.edf','1_8_3.csv',1,M,32,Right,8,3,90
'1_8_4.edf','1_8_4.csv',1,M,32,Right,8,4,93
'1_9_1.edf','1_9_1.csv',1,M,32,Right,9,1,93
'1_9_2.edf','1_9_2.csv',1,M,32,Right,9,2,88
18_10_1.edf',18_10_1.csv',18,M,28,Right,10,1,84
18_10_2.edf',18_10_2.csv',18,M,28,Right,10,2,85
18_11_1.edf',18_11_1.csv',18,M,28,Right,11,1,86
18_11_2.edf',18_11_2.csv',18,M,28,Right,11,2,92
18_12_1.edf',18_12_1.csv',18,M,28,Right,12,1,88
18_12_2.edf',18_12_2.csv',18,M,28,Right,12,2,88
18_13_1.edf',18_13_1.csv',18,M,28,Right,13,1,80
18_13_2.edf',18_13_2.csv',18,M,28,Right,13,2,77
18_14_1.edf',18_14_1.csv',18,M,28,Right,14,1,9
18_14_2.edf',18_14_2.csv',18,M,28,Right,14,2,46
18_14_4.edf',18_14_4.csv',18,M,28,Right,14,4,58
18_14_5.edf',18_14_5.csv',18,M,28,Right,14,5,66
18_14_6.edf',18_14_6.csv',18,M,28,Right,14,6,70
18_15_1.edf',18_15_1.csv',18,M,28,Right,15,1,96
18_15_2.edf',18_15_2.csv',18,M,28,Right,15,2,99
18_16_1.edf',18_16_1.csv',18,M,28,Right,16,1,76
18_16_2.edf',18_16_2.csv',18,M,28,Right,16,2,76
18_17_1.edf',18_17_1.csv',18,M,28,Right,17,1,76
18_17_2.edf',18_17_2.csv',18,M,28,Right,17,2,81
18_18_1.edf',18_18_1.csv',18,M,28,Right,18,1,62
18_18_2.edf',18_18_2.csv',18,M,28,Right,18,2,80
18_19_1.edf',18_19_1.csv',18,M,28,Right,19,1,63
18_19_2.edf',18_19_2.csv',18,M,28,Right,19,2,55
18_19_3.edf',18_19_3.csv',18,M,28,Right,19,3,74
18_1_1.edf',18_1_2.csv',18,M,28,Right,1,1,89
18_1_2.edf',,18,M,28,Right,1,2,97
18_20_1.edf',18_20_1.csv',18,M,28,Right,20,1,54
18_20_2.edf',18_20_2.csv',18,M,28,Right,20,2,73
18_21_1.edf',18_21_1.csv',18,M,28,Right,21,1,46
18_21_2.edf',18_21_2.csv',18,M,28,Right,21,2,66
18_21_3.edf',18_21_3.csv',18,M,28,Right,21,3,64
18_21_4.edf',18_21_4.csv',18,M,28,Right,21,4,39
18_21_5.edf',18_21_5.csv',18,M,28,Right,21,5,72
18_22_1.edf',18_22_1.csv',18,M,28,Right,22,1,60
18_22_2.edf',18_22_2.csv',18,M,28,Right,22,2,76
18_23_1.edf',18_23_1.csv',18,M,28,Right,23,1,81
18_23_4.edf',18_23_4.csv',18,M,28,Right,23,4,84
18_24_1.edf',18_24_1.csv',18,M,28,Right,24,1,91
18_24_2.edf',18_24_2.csv',18,M,28,Right,24,2,94
18_25_1.edf',18_25_1.csv',18,M,28,Right,25,1,90
18_25_2.edf',18_25_2.csv',18,M,28,Right,25,2,85
18_26_1.edf',18_26_1.csv',18,M,28,Right,26,1,83
18_26_2.edf',18_26_2.csv',18,M,28,Right,26,2,87
18_27_1.edf',18_27_1.csv',18,M,28,Right,27,1,85
18_27_2.edf',18_27_2.csv',18,M,28,Right,27,2,86
18_2_1.edf',,18,M,28,Right,2,1,76
,18_2_2.csv',18,M,28,Right,2,2,87
18_3_1.edf',,18,M,28,Right,3,1,80
18_3_2.edf',18_3_2.csv',18,M,28,Right,3,2,98
18_4_1.edf',,18,M,28,Right,4,1,62
,18_4_2.csv',18,M,28,Right,4,2,67
,18_4_3.csv',18,M,28,Right,4,3,85
,18_5_1.csv',18,M,28,Right,5,1,68
,18_5_2.csv',18,M,28,Right,5,2,73
,18_5_3.csv',18,M,28,Right,5,3,60
,18_5_4.csv',18,M,28,Right,5,4,82
,18_6_1.csv',18,M,28,Right,6,1,25
,18_6_2.csv',18,M,28,Right,6,2,69
,18_6_3.csv',18,M,28,Right,6,3,32
,18_6_4.csv',18,M,28,Right,6,4,39
,18_6_5.csv',18,M,28,Right,6,5,49
,18_6_6.csv',18,M,28,Right,6,6,43
18_6_7.edf',18_6_7.csv',18,M,28,Right,6,7,78
18_7_1.edf',18_7_1.csv',18,M,28,Right,7,1,83
18_7_2.edf',18_7_2.csv',18,M,28,Right,7,2,90
18_8_1.edf',18_8_1.csv',18,M,28,Right,8,1,60
18_8_2.edf',18_8_2.csv',18,M,28,Right,8,2,71
18_9_1.edf',18_9_1.csv',18,M,28,Right,9,1,71
18_9_2.edf',18_9_2.csv',18,M,28,Right,9,2,88
19_10_1.edf',19_10_1.csv',19,M,32,Right,10,1,89
19_10_2.edf',19_10_2.csv',19,M,32,Right,10,2,95
19_11_1.edf',19_11_1.csv',19,M,32,Right,11,1,81
19_11_2.edf',19_11_2.csv',19,M,32,Right,11,2,88
19_12_1.edf',19_12_1.csv',19,M,32,Right,12,1,94
19_12_2.edf',19_12_2.csv',19,M,32,Right,12,2,99
19_13_1.edf',19_13_1.csv',19,M,32,Right,13,1,98
19_13_2.edf',19_13_2.csv',19,M,32,Right,13,2,99
19_14_1.edf',19_14_1.csv',19,M,32,Right,14,1,78
19_14_2.edf',19_14_2.csv',19,M,32,Right,14,2,66
19_15_1.edf',19_15_1.csv',19,M,32,Right,15,1,92
19_15_2.edf',19_15_2.csv',19,M,32,Right,15,2,79
19_16_1.edf',19_16_1.csv',19,M,32,Right,16,1,84
19_16_2.edf',19_16_2.csv',19,M,32,Right,16,2,89
19_17_1.edf',19_17_1.csv',19,M,32,Right,17,1,88
19_17_2.edf',19_17_2.csv',19,M,32,Right,17,2,70
19_18_1.edf',19_18_1.csv',19,M,32,Right,18,1,72
19_18_2.edf',19_18_2.csv',19,M,32,Right,18,2,61
19_19_1.edf',19_19_1.csv',19,M,32,Right,19,1,59
19_19_2.edf',19_19_2.csv',19,M,32,Right,19,2,62
19_19_3.edf',19_19_3.csv',19,M,32,Right,19,3,66
19_1_1.edf',19_1_1.csv',19,M,32,Right,1,1,97
19_1_2.edf',19_1_2.csv',19,M,32,Right,1,2,99
19_20_1.edf',19_20_1.csv',19,M,32,Right,20,1,67
19_20_2.edf',19_20_2.csv',19,M,32,Right,20,2,96
19_21_1.edf',19_21_1.csv',19,M,32,Right,21,1,48
19_21_2.edf',19_21_2.csv',19,M,32,Right,21,2,45
19_21_3.edf',19_21_3.csv',19,M,32,Right,21,3,79
19_22_1.edf',19_22_1.csv',19,M,32,Right,22,1,74
19_22_2.edf',19_22_2.csv',19,M,32,Right,22,2,81
19_23_1.edf',19_23_1.csv',19,M,32,Right,23,1,84
19_23_2.edf',19_23_2.csv',19,M,32,Right,23,2,89
19_24_1.edf',19_24_1.csv',19,M,32,Right,24,1,78
19_24_2.edf',19_24_2.csv',19,M,32,Right,24,2,86
19_25_1.edf',19_25_1.csv',19,M,32,Right,25,1,85
19_25_2.edf',19_25_2.csv',19,M,32,Right,25,2,90
19_26_1.edf',19_26_1.csv',19,M,32,Right,26,1,80
19_26_2.edf',19_26_2.csv',19,M,32,Right,26,2,85
19_27_1.edf',19_27_1.csv',19,M,32,Right,27,1,76
19_27_2.edf',19_27_2.csv',19,M,32,Right,27,2,81
19_2_1.edf',19_2_1.csv',19,M,32,Right,2,1,88
19_2_2.edf',19_2_2.csv',19,M,32,Right,2,2,84
19_3_1.edf',19_3_1.csv',19,M,32,Right,3,1,98
19_3_2.edf',19_3_2.csv',19,M,32,Right,3,2,95
19_4_1.edf',19_4_1.csv',19,M,32,Right,4,1,77
19_4_2.edf',19_4_2.csv',19,M,32,Right,4,2,82
19_5_1.edf',19_5_1.csv',19,M,32,Right,5,1,88
19_5_2.edf',19_5_2.csv',19,M,32,Right,5,2,91
19_6_1.edf',19_6_1.csv',19,M,32,Right,6,1,78
19_6_2.edf',19_6_2.csv',19,M,32,Right,6,2,86
19_7_1.edf',19_7_1.csv',19,M,32,Right,7,1,94
19_7_2.edf',19_7_2.csv',19,M,32,Right,7,2,95
19_8_1.edf',19_8_1.csv',19,M,32,Right,8,1,56
19_8_2.edf',19_8_2.csv',19,M,32,Right,8,2,62
19_8_3.edf',19_8_3.csv',19,M,32,Right,8,3,61
19_8_4.edf',19_8_4.csv',19,M,32,Right,8,4,76
19_9_1.edf',19_9_1.csv',19,M,32,Right,9,1,90
19_9_2.edf',19_9_2.csv',19,M,32,Right,9,2,79
20_10_1.edf',20_10_1.csv',20,M,20,Right,10,1,91
20_10_2.edf',20_10_2.csv',20,M,20,Right,10,2,92
20_11_1.edf',20_11_1.csv',20,M,20,Right,11,1,77
20_11_2.edf',20_11_2.csv',20,M,20,Right,11,2,89
20_12_1.edf',20_12_1.csv',20,M,20,Right,12,1,94
20_12_2.edf',20_12_2.csv',20,M,20,Right,12,2,95
20_13_1.edf',20_13_1.csv',20,M,20,Right,13,1,97
20_13_2.edf',20_13_2.csv',20,M,20,Right,13,2,99
20_14_1.edf',20_14_1.csv',20,M,20,Right,14,1,51
20_14_2.edf',20_14_2.csv',20,M,20,Right,14,2,76
20_15_1.edf',20_15_1.csv',20,M,20,Right,15,1,97
20_15_2.edf',20_15_2.csv',20,M,20,Right,15,2,97
20_16_1.edf',20_16_1.csv',20,M,20,Right,16,1,77
20_16_2.edf',20_16_2.csv',20,M,20,Right,16,2,79
20_17_1.edf',20_17_1.csv',20,M,20,Right,17,1,60
20_17_2.edf',20_17_2.csv',20,M,20,Right,17,2,67
20_17_3.edf',20_17_3.csv',20,M,20,Right,17,3,73
20_18_1.edf',20_18_1.csv',20,M,20,Right,18,1,71
20_18_2.edf',20_18_2.csv',20,M,20,Right,18,2,83
20_19_1.edf',20_19_1.csv',20,M,20,Right,19,1,76
20_19_2.edf',20_19_2.csv',20,M,20,Right,19,2,60
20_1_1.edf',,20,M,20,Right,1,1,88
20_1_2.edf',,20,M,20,Right,1,2,96
20_1_3.edf',20_1_3.csv',20,M,20,Right,1,3,95
20_1_4.edf',20_1_4.csv',20,M,20,Right,1,4,97
20_20_1.edf',20_20_1.csv',20,M,20,Right,20,1,83
20_20_2.edf',20_20_2.csv',20,M,20,Right,20,2,92
20_21_1.edf',20_21_1.csv',20,M,20,Right,21,1,65
20_21_2.edf',20_21_2.csv',20,M,20,Right,21,2,89
20_22_1.edf',20_22_1.csv',20,M,20,Right,22,1,55
20_22_2.edf',20_22_2.csv',20,M,20,Right,22,2,53
20_22_3.edf',20_22_3.csv',20,M,20,Right,22,3,64
20_22_4.edf',20_22_4.csv',20,M,20,Right,22,4,83
20_23_1.edf',20_23_1.csv',20,M,20,Right,23,1,79
20_23_2.edf',20_23_2.csv',20,M,20,Right,23,2,84
20_24_1.edf',20_24_1.csv',20,M,20,Right,24,1,83
20_24_2.edf',20_24_2.csv',20,M,20,Right,24,2,98
20_25_1.edf',20_25_1.csv',20,M,20,Right,25,1,86
20_25_2.edf',20_25_2.csv',20,M,20,Right,25,2,94
20_26_1.edf',20_26_1.csv',20,M,20,Right,26,1,95
20_26_2.edf',20_26_2.csv',20,M,20,Right,26,2,89
20_27_1.edf',20_27_1.csv',20,M,20,Right,27,1,73
20_27_2.edf',20_27_2.csv',20,M,20,Right,27,2,98
20_2_1.edf',,20,M,20,Right,2,1,89
20_2_2.edf',,20,M,20,Right,2,2,80
20_2_3.edf',20_2_3.csv',20,M,20,Right,2,3,75
20_2_4.edf',20_2_4.csv',20,M,20,Right,2,4,79
20_3_1.edf',,20,M,20,Right,3,1,65
20_3_2.edf',,20,M,20,Right,3,2,91
20_3_3.edf',20_3_3.csv',20,M,20,Right,3,3,94
20_3_4.edf',20_3_4.csv',20,M,20,Right,3,4,92
20_4_1.edf',,20,M,20,Right,4,1,70
20_4_2.edf',,20,M,20,Right,4,2,73
20_4_3.edf',20_4_3.csv',20,M,20,Right,4,3,70
20_4_4.edf',20_4_4.csv',20,M,20,Right,4,4,80
20_5_1.edf',,20,M,20,Right,5,1,66
20_5_2.edf',,20,M,20,Right,5,2,84
20_5_3.edf',20_5_3.csv',20,M,20,Right,5,3,79
20_5_4.edf',20_5_4.csv',20,M,20,Right,5,4,88
20_6_1.edf',20_6_1.csv',20,M,20,Right,6,1,48
20_6_2.edf',20_6_2.csv',20,M,20,Right,6,2,49
20_6_3.edf',20_6_3.csv',20,M,20,Right,6,3,60
20_6_4.edf',20_6_4.csv',20,M,20,Right,6,4,74
20_7_1.edf',20_7_1.csv',20,M,20,Right,7,1,80
20_7_2.edf',20_7_2.csv',20,M,20,Right,7,2,92
20_8_1.edf',20_8_1.csv',20,M,20,Right,8,1,66
20_8_2.edf',20_8_2.csv',20,M,20,Right,8,2,65
20_8_3.edf',20_8_3.csv',20,M,20,Right,8,3,77
20_9_1.edf',20_9_1.csv',20,M,20,Right,9,1,86
20_9_2.edf',20_9_2.csv',20,M,20,Right,9,2,91
21_10_1.edf',21_10_1.csv',21,M,34,Right,10,1,85
21_10_2.edf',21_10_2.csv',21,M,34,Right,10,2,87
21_11_1.edf',21_11_1.csv',21,M,34,Right,11,1,66
21_11_2.edf',21_11_2.csv',21,M,34,Right,11,2,86
21_12_1.edf',21_12_1.csv',21,M,34,Right,12,1,92
21_12_2.edf',21_12_2.csv',21,M,34,Right,12,2,90
21_13_1.edf',21_13_1.csv',21,M,34,Right,13,1,83
21_13_2.edf',21_13_2.csv',21,M,34,Right,13,2,85
21_14_1.edf',21_14_1.csv',21,M,34,Right,14,1,47
21_14_2.edf',21_14_2.csv',21,M,34,Right,14,2,70
21_15_1.edf',21_15_1.csv',21,M,34,Right,15,1,80
21_15_2.edf',21_15_2.csv',21,M,34,Right,15,2,91
21_16_1.edf',21_16_1.csv',21,M,34,Right,16,1,87
21_16_2.edf',21_16_2.csv',21,M,34,Right,16,2,97
21_17_1.edf',21_17_1.csv',21,M,34,Right,17,1,67
21_17_2.edf',21_17_2.csv',21,M,34,Right,17,2,92
21_18_1.edf',21_18_1.csv',21,M,34,Right,18,1,85
21_18_2.edf',21_18_2.csv',21,M,34,Right,18,2,77
21_19_1.edf',21_19_1.csv',21,M,34,Right,19,1,72
21_19_2.edf',21_19_2.csv',21,M,34,Right,19,2,88
21_1_1.edf',21_1_1.csv',21,M,34,Right,1,1,76
21_1_2.edf',21_1_2.csv',21,M,34,Right,1,2,76
21_1_3.edf',21_1_3.csv',21,M,34,Right,1,3,81
21_20_1.edf',21_20_1.csv',21,M,34,Right,20,1,70
21_20_2.edf',21_20_2.csv',21,M,34,Right,20,2,97
21_21_1.edf',21_21_1.csv',21,M,34,Right,21,1,66
21_21_2.edf',21_21_2.csv',21,M,34,Right,21,2,92
21_22_1.edf',21_22_1.csv',21,M,34,Right,22,1,74
21_22_2.edf',21_22_2.csv',21,M,34,Right,22,2,88
21_23_1.edf',21_23_1.csv',21,M,34,Right,23,1,79
21_23_2.edf',21_23_2.csv',21,M,34,Right,23,2,91
21_24_1.edf',21_24_1.csv',21,M,34,Right,24,1,66
21_24_2.edf',21_24_2.csv',21,M,34,Right,24,2,88
21_25_1.edf',21_25_1.csv',21,M,34,Right,25,1,94
21_25_2.edf',21_25_2.csv',21,M,34,Right,25,2,97
21_26_1.edf',21_26_1.csv',21,M,34,Right,26,1,91
21_26_2.edf',21_26_2.csv',21,M,34,Right,26,2,86
21_27_1.edf',21_27_1.csv',21,M,34,Right,27,1,82
21_27_2.edf',21_27_2.csv',21,M,34,Right,27,2,78
21_2_1.edf',21_2_1.csv',21,M,34,Right,2,1,66
21_2_2.edf',21_2_2.csv',21,M,34,Right,2,2,75
21_2_3.edf',21_2_3.csv',21,M,34,Right,2,3,85
21_2_4.edf',21_2_4.csv',21,M,34,Right,2,4,93
21_3_1.edf',21_3_1.csv',21,M,34,Right,3,1,84
21_3_2.edf',21_3_2.csv',21,M,34,Right,3,2,95
21_3_3.edf',21_3_3.csv',21,M,34,Right,3,3,95
21_4_1.edf',21_4_1.csv',21,M,34,Right,4,1,60
21_4_2.edf',21_4_2.csv',21,M,34,Right,4,2,77
21_4_3.edf',21_4_3.csv',21,M,34,Right,4,3,82
21_5_1.edf',21_5_1.csv',21,M,34,Right,5,1,58
21_5_2.edf',21_5_2.csv',21,M,34,Right,5,2,76
21_5_3.edf',21_5_3.csv',21,M,34,Right,5,3,78
21_5_4.edf',21_5_4.csv',21,M,34,Right,5,4,79
21_6_1.edf',21_6_1.csv',21,M,34,Right,6,1,63
21_6_2.edf',21_6_2.csv',21,M,34,Right,6,2,53
21_6_3.edf',21_6_3.csv',21,M,34,Right,6,3,56
21_6_4.edf',21_6_4.csv',21,M,34,Right,6,4,70
21_6_5.edf',21_6_5.csv',21,M,34,Right,6,5,55
21_6_6.edf',21_6_6.csv',21,M,34,Right,6,6,73
21_7_1.edf',21_7_1.csv',21,M,34,Right,7,1,88
21_7_2.edf',21_7_2.csv',21,M,34,Right,7,2,98
21_8_1.edf',21_8_1.csv',21,M,34,Right,8,1,71
21_8_2.edf',21_8_2.csv',21,M,34,Right,8,2,83
21_9_1.edf',21_9_1.csv',21,M,34,Right,9,1,86
21_9_2.edf',21_9_2.csv',21,M,34,Right,9,2,96
22_10_1.edf',22_10_1.csv',22,F,32,Right,10,1,85
22_10_2.edf',22_10_2.csv',22,F,32,Right,10,2,87
22_11_1.edf',22_11_1.csv',22,F,32,Right,11,1,89
22_11_2.edf',22_11_2.csv',22,F,32,Right,11,2,96
22_12_1.edf',22_12_1.csv',22,F,32,Right,12,1,99
22_12_2.edf',22_12_2.csv',22,F,32,Right,12,2,98
22_13_1.edf',22_13_1.csv',22,F,32,Right,13,1,88
22_13_2.edf',22_13_2.csv',22,F,32,Right,13,2,93
22_14_1.edf',22_14_1.csv',22,F,32,Right,14,1,84
22_14_2.edf',22_14_2.csv',22,F,32,Right,14,2,98
22_15_1.edf',22_15_1.csv',22,F,32,Right,15,1,85
22_15_2.edf',22_15_2.csv',22,F,32,Right,15,2,86
22_16_1.edf',22_16_1.csv',22,F,32,Right,16,1,85
22_16_2.edf',22_16_2.csv',22,F,32,Right,16,2,86
22_17_1.edf',22_17_1.csv',22,F,32,Right,17,1,92
22_17_2.edf',22_17_2.csv',22,F,32,Right,17,2,97
22_18_1.edf',22_18_1.csv',22,F,32,Right,18,1,74
22_18_2.edf',22_18_2.csv',22,F,32,Right,18,2,100
22_19_1.edf',22_19_1.csv',22,F,32,Right,19,1,93
22_19_2.edf',22_19_2.csv',22,F,32,Right,19,2,67
22_1_1.edf',22_1_1.csv',22,F,32,Right,1,1,98
22_1_2.edf',22_1_2.csv',22,F,32,Right,1,2,99
22_20_1.edf',22_20_1.csv',22,F,32,Right,20,1,97
22_20_2.edf',22_20_2.csv',22,F,32,Right,20,2,96
22_21_1.edf',22_21_1.csv',22,F,32,Right,21,1,93
22_21_2.edf',22_21_2.csv',22,F,32,Right,21,2,82
22_22_1.edf',22_22_1.csv',22,F,32,Right,22,1,91
22_22_2.edf',22_22_2.csv',22,F,32,Right,22,2,95
22_23_1.edf',22_23_1.csv',22,F,32,Right,23,1,85
22_23_2.edf',22_23_2.csv',22,F,32,Right,23,2,97
22_24_1.edf',22_24_1.csv',22,F,32,Right,24,1,64
22_24_2.edf',22_24_2.csv',22,F,32,Right,24,2,88
22_24_3.edf',22_24_3.csv',22,F,32,Right,24,3,97
22_25_1.edf',22_25_1.csv',22,F,32,Right,25,1,71
22_25_2.edf',22_25_2.csv',22,F,32,Right,25,2,55
22_25_3.edf',22_25_3.csv',22,F,32,Right,25,3,73
22_25_4.edf',22_25_4.csv',22,F,32,Right,25,4,90
22_26_1.edf',22_26_1.csv',22,F,32,Right,26,1,89
22_26_2.edf',22_26_2.csv',22,F,32,Right,26,2,95
22_27_1.edf',22_27_1.csv',22,F,32,Right,27,1,95
22_27_2.edf',22_27_2.csv',22,F,32,Right,27,2,74
22_27_3.edf',22_27_3.csv',22,F,32,Right,27,3,69
22_2_1.edf',22_2_1.csv',22,F,32,Right,2,1,95
22_2_2.edf',22_2_2.csv',22,F,32,Right,2,2,95
22_3_1.edf',22_3_1.csv',22,F,32,Right,3,1,97
22_3_2.edf',22_3_2.csv',22,F,32,Right,3,2,99
22_4_1.edf',22_4_1.csv',22,F,32,Right,4,1,92
22_4_2.edf',22_4_2.csv',22,F,32,Right,4,2,96
22_5_1.edf',22_5_1.csv',22,F,32,Right,5,1,93
22_5_2.edf',22_5_2.csv',22,F,32,Right,5,2,93
22_6_1.edf',22_6_1.csv',22,F,32,Right,6,1,63
22_6_2.edf',22_6_2.csv',22,F,32,Right,6,2,76
22_6_3.edf',22_6_3.csv',22,F,32,Right,6,3,61
22_6_4.edf',22_6_4.csv',22,F,32,Right,6,4,53
22_6_5.edf',22_6_5.csv',22,F,32,Right,6,5,75
22_7_1.edf',22_7_1.csv',22,F,32,Right,7,1,91
22_7_2.edf',22_7_2.csv',22,F,32,Right,7,2,96
22_8_1.edf',22_8_1.csv',22,F,32,Right,8,1,86
22_8_2.edf',22_8_2.csv',22,F,32,Right,8,2,92
22_9_1.edf',22_9_1.csv',22,F,32,Right,9,1,89
22_9_2.edf',22_9_2.csv',22,F,32,Right,9,2,91
23_10_1.edf',23_10_1.csv',23,M,42,Left,10,1,72
23_10_2.edf',23_10_2.csv',23,M,42,Left,10,2,73
23_11_1.edf',23_11_1.csv',23,M,42,Left,11,1,65
23_11_2.edf',23_11_2.csv',23,M,42,Left,11,2,86
23_12_1.edf',23_12_1.csv',23,M,42,Left,12,1,87
23_12_2.edf',23_12_2.csv',23,M,42,Left,12,2,96
23_13_1.edf',23_13_1.csv',23,M,42,Left,13,1,91
23_13_2.edf',23_13_2.csv',23,M,42,Left,13,2,95
23_14_1.edf',23_14_1.csv',23,M,42,Left,14,1,76
23_14_2.edf',23_14_2.csv',23,M,42,Left,14,2,77
23_15_1.edf',23_15_1.csv',23,M,42,Left,15,1,94
23_15_2.edf',23_15_2.csv',23,M,42,Left,15,2,94
23_16_1.edf',23_16_1.csv',23,M,42,Left,16,1,79
23_16_2.edf',23_16_2.csv',23,M,42,Left,16,2,82
23_17_1.edf',23_17_1.csv',23,M,42,Left,17,1,87
23_17_2.edf',23_17_2.csv',23,M,42,Left,17,2,90
23_18_1.edf',23_18_1.csv',23,M,42,Left,18,1,89
23_18_2.edf',23_18_2.csv',23,M,42,Left,18,2,81
23_19_1.edf',23_19_1.csv',23,M,42,Left,19,1,74
23_19_2.edf',23_19_2.csv',23,M,42,Left,19,2,77
23_1_1.edf',23_1_1.csv',23,M,42,Left,1,1,90
23_1_2.edf',23_1_2.csv',23,M,42,Left,1,2,93
23_20_1.edf',23_20_1.csv',23,M,42,Left,20,1,71
23_20_2.edf',23_20_2.csv',23,M,42,Left,20,2,78
23_21_1.edf',23_21_1.csv',23,M,42,Left,21,1,79
23_21_2.edf',23_21_2.csv',23,M,42,Left,21,2,90
23_22_1.edf',23_22_1.csv',23,M,42,Left,22,1,89
23_22_2.edf',23_22_2.csv',23,M,42,Left,22,2,97
23_23_1.edf',23_23_1.csv',23,M,42,Left,23,1,70
23_23_2.edf',23_23_2.csv',23,M,42,Left,23,2,71
23_24_1.edf',23_24_1.csv',23,M,42,Left,24,1,77
23_24_2.edf',23_24_2.csv',23,M,42,Left,24,2,94
23_25_1.edf',23_25_1.csv',23,M,42,Left,25,1,72
23_25_2.edf',23_25_2.csv',23,M,42,Left,25,2,75
23_26_1.edf',23_26_1.csv',23,M,42,Left,26,1,55
23_26_2.edf',23_26_2.csv',23,M,42,Left,26,2,80
23_27_1.edf',23_27_1.csv',23,M,42,Left,27,1,80
23_27_2.edf',23_27_2.csv',23,M,42,Left,27,2,76
23_2_1.edf',23_2_1.csv',23,M,42,Left,2,1,69
23_2_2.edf',23_2_2.csv',23,M,42,Left,2,2,86
23_3_1.edf',23_3_1.csv',23,M,42,Left,3,1,90
23_3_2.edf',23_3_2.csv',23,M,42,Left,3,2,96
23_4_1.edf',23_4_1.csv',23,M,42,Left,4,1,72
23_4_2.edf',23_4_2.csv',23,M,42,Left,4,2,64
23_5_1.edf',23_5_1.csv',23,M,42,Left,5,1,39
23_5_2.edf',23_5_2.csv',23,M,42,Left,5,2,84
23_6_1.edf',23_6_1.csv',23,M,42,Left,6,1,45
23_6_2.edf',23_6_2.csv',23,M,42,Left,6,2,74
23_7_1.edf',23_7_1.csv',23,M,42,Left,7,1,83
23_7_2.edf',23_7_2.csv',23,M,42,Left,7,2,81
23_8_1.edf',23_8_1.csv',23,M,42,Left,8,1,78
23_8_2.edf',23_8_2.csv',23,M,42,Left,8,2,82
23_9_1.edf',23_9_1.csv',23,M,42,Left,9,1,73
23_9_2.edf',23_9_2.csv',23,M,42,Left,9,2,69
24_10_1.edf',24_10_1.csv',24,M,54,Right,10,1,54
24_10_2.edf',24_10_2.csv',24,M,54,Right,10,2,80
24_11_1.edf',24_11_1.csv',24,M,54,Right,11,1,49
24_11_2.edf',24_11_2.csv',24,M,54,Right,11,2,48
24_11_3.edf',24_11_3.csv',24,M,54,Right,11,3,50
24_11_4.edf',24_11_4.csv',24,M,54,Right,11,4,67
24_11_5.edf',24_11_5.csv',24,M,54,Right,11,5,63
24_12_1.edf',24_12_1.csv',24,M,54,Right,12,1,88
24_12_2.edf',24_12_2.csv',24,M,54,Right,12,2,95
24_13_1.edf',24_13_1.csv',24,M,54,Right,13,1,59
24_13_2.edf',24_13_2.csv',24,M,54,Right,13,2,70
24_14_1.edf',24_14_1.csv',24,M,54,Right,14,1,41
24_14_2.edf',24_14_2.csv',24,M,54,Right,14,2,37
24_14_3.edf',24_14_3.csv',24,M,54,Right,14,3,0
24_14_4.edf',24_14_4.csv',24,M,54,Right,14,4,61
24_14_5.edf',24_14_5.csv',24,M,54,Right,14,5,36
24_14_6.edf',24_14_6.csv',24,M,54,Right,14,6,40
24_14_7.edf',24_14_7.csv',24,M,54,Right,14,7,81
24_15_1.edf',24_15_1.csv',24,M,54,Right,15,1,37
24_15_2.edf',24_15_2.csv',24,M,54,Right,15,2,38
24_15_3.edf',24_15_3.csv',24,M,54,Right,15,3,12
24_15_4.edf',24_15_4.csv',24,M,54,Right,15,4,55
24_15_5.edf',24_15_5.csv',24,M,54,Right,15,5,40
24_15_6.edf',24_15_6.csv',24,M,54,Right,15,6,81
24_16_1.edf',24_16_1.csv',24,M,54,Right,16,1,55
24_16_2.edf',24_16_2.csv',24,M,54,Right,16,2,58
24_16_3.edf',24_16_3.csv',24,M,54,Right,16,3,31
24_16_4.edf',24_16_4.csv',24,M,54,Right,16,4,66
24_16_5.edf',24_16_5.csv',24,M,54,Right,16,5,64
24_16_6.edf',24_16_6.csv',24,M,54,Right,16,6,72
24_17_1.edf',24_17_1.csv',24,M,54,Right,17,1,52
24_17_2.edf',24_17_2.csv',24,M,54,Right,17,2,61
24_17_3.edf',24_17_3.csv',24,M,54,Right,17,3,69
24_17_4.edf',24_17_4.csv',24,M,54,Right,17,4,64
24_18_2.edf',24_18_2.csv',24,M,54,Right,18,2,66
24_18_3.edf',24_18_3.csv',24,M,54,Right,18,3,49
24_18_4.edf',24_18_4.csv',24,M,54,Right,18,4,89
24_19_1.edf',24_19_1.csv',24,M,54,Right,19,1,48
24_19_2.edf',24_19_2.csv',24,M,54,Right,19,2,59
24_19_3.edf',24_19_3.csv',24,M,54,Right,19,3,87
24_1_1.edf',24_1_1.csv',24,M,54,Right,1,1,90
24_1_2.edf',24_1_2.csv',24,M,54,Right,1,2,89
24_20_1.edf',24_20_1.csv',24,M,54,Right,20,1,67
24_20_2.edf',24_20_2.csv',24,M,54,Right,20,2,90
24_21_1.edf',24_21_1.csv',24,M,54,Right,21,1,52
24_21_2.edf',24_21_2.csv',24,M,54,Right,21,2,49
24_21_3.edf',24_21_3.csv',24,M,54,Right,21,3,65
24_21_4.edf',24_21_4.csv',24,M,54,Right,21,4,49
24_21_5.edf',24_21_5.csv',24,M,54,Right,21,5,60
24_21_6.edf',24_21_6.csv',24,M,54,Right,21,6,52
24_21_7.edf',24_21_7.csv',24,M,54,Right,21,7,83
24_22_1.edf',24_22_1.csv',24,M,54,Right,22,1,13
24_22_2.edf',24_22_2.csv',24,M,54,Right,22,2,76
24_23_1.edf',24_23_1.csv',24,M,54,Right,23,1,49
24_23_2.edf',24_23_2.csv',24,M,54,Right,23,2,70
24_24_2.edf',24_24_2.csv',24,M,54,Right,24,2,64
24_24_3.edf',24_24_3.csv',24,M,54,Right,24,3,67
24_24_4.edf',24_24_4.csv',24,M,54,Right,24,4,73
24_25_1.edf',24_25_1.csv',24,M,54,Right,25,1,61
24_25_2.edf',24_25_2.csv',24,M,54,Right,25,2,75
24_26_1.edf',24_26_1.csv',24,M,54,Right,26,1,86
24_26_2.edf',24_26_2.csv',24,M,54,Right,26,2,87
24_27_1.edf',24_27_1.csv',24,M,54,Right,27,1,83
24_27_2.edf',24_27_2.csv',24,M,54,Right,27,2,89
24_2_1.edf',24_2_1.csv',24,M,54,Right,2,1,57
24_2_2.edf',24_2_2.csv',24,M,54,Right,2,2,53
24_2_4.edf',24_2_4.csv',24,M,54,Right,2,4,71
24_3_1.edf',24_3_1.csv',24,M,54,Right,3,1,58
24_3_2.edf',24_3_2.csv',24,M,54,Right,3,2,60
24_3_3.edf',24_3_3.csv',24,M,54,Right,3,3,64
24_3_4.edf',24_3_4.csv',24,M,54,Right,3,4,73
24_4_1.edf',24_4_1.csv',24,M,54,Right,4,1,61
24_4_2.edf',24_4_2.csv',24,M,54,Right,4,2,51
24_4_3.edf',24_4_3.csv',24,M,54,Right,4,3,49
24_4_4.edf',,24,M,54,Right,4,4,60
24_4_5.edf',,24,M,54,Right,4,5,65
24_4_6.edf',,24,M,54,Right,4,6,68
24_5_1.edf',,24,M,54,Right,5,1,45
24_5_2.edf',,24,M,54,Right,5,2,54
24_5_3.edf',,24,M,54,Right,5,3,47
24_5_4.edf',,24,M,54,Right,5,4,38
24_5_5.edf',,24,M,54,Right,5,5,42
24_5_6.edf',,24,M,54,Right,5,6,48
24_5_7.edf',,24,M,54,Right,5,7,71
24_6_1.edf',,24,M,54,Right,6,1,14
24_6_10.edf',,24,M,54,Right,6,10,55
24_6_11.edf',,24,M,54,Right,6,11,54
24_6_12.edf',,24,M,54,Right,6,12,69
24_6_2.edf',,24,M,54,Right,6,2,37
24_6_3.edf',,24,M,54,Right,6,3,30
24_6_4.edf',,24,M,54,Right,6,4,39
24_6_5.edf',,24,M,54,Right,6,5,46
24_6_7.edf',,24,M,54,Right,6,7,45
24_6_8.edf',,24,M,54,Right,6,8,60
24_6_9.edf',,24,M,54,Right,6,9,56
24_7_1.edf',,24,M,54,Right,7,1,79
24_7_2.edf',,24,M,54,Right,7,2,86
24_8_1.edf',,24,M,54,Right,8,1,17
24_8_10.edf',24_8_10.csv',24,M,54,Right,8,10,43
24_8_11.edf',24_8_11.csv',24,M,54,Right,8,11,65
24_8_12.edf',24_8_12.csv',24,M,54,Right,8,12,36
24_8_13.edf',24_8_13.csv',24,M,54,Right,8,13,42
24_8_14.edf',24_8_14.csv',24,M,54,Right,8,14,42
24_8_15.edf',24_8_15.csv',24,M,54,Right,8,15,65
24_8_2.edf',,24,M,54,Right,8,2,29
24_8_3.edf',,24,M,54,Right,8,3,37
24_8_4.edf',,24,M,54,Right,8,4,34
24_8_6.edf',24_8_6.csv',24,M,54,Right,8,6,51
24_8_7.edf',24_8_7.csv',24,M,54,Right,8,7,33
24_8_8.edf',24_8_8.csv',24,M,54,Right,8,8,38
24_8_9.edf',24_8_9.csv',24,M,54,Right,8,9,43
24_9_1.edf',24_9_1.csv',24,M,54,Right,9,1,57
24_9_2.edf',24_9_2.csv',24,M,54,Right,9,2,75
'2_10_1.edf','2_10_1.csv',2,M,36,Right,10,1,95
'2_10_2.edf','2_10_2.csv',2,M,36,Right,10,2,96
'2_11_1.edf','2_11_1.csv',2,M,36,Right,11,1,61
'2_11_2.edf','2_11_2.csv',2,M,36,Right,11,2,68
'2_11_3.edf','2_11_3.csv',2,M,36,Right,11,3,77
'2_12_1.edf','2_12_1.csv',2,M,36,Right,12,1,66
'2_12_2.edf','2_12_2.csv',2,M,36,Right,12,2,89
'2_13_1.edf','2_13_1.csv',2,M,36,Right,13,1,58
'2_13_2.edf','2_13_2.csv',2,M,36,Right,13,2,92
'2_14_1-1.edf','2_14_1.csv',2,M,36,Right,14,1,39
'2_14_2.edf','2_14_2.csv',2,M,36,Right,14,2,71
'2_15_1.edf','2_15_1.csv',2,M,36,Right,15,1,97
'2_15_2.edf','2_15_2.csv',2,M,36,Right,15,2,97
'2_16_1.edf','2_16_1.csv',2,M,36,Right,16,1,89
'2_16_2.edf','2_16_2.csv',2,M,36,Right,16,2,97
'2_17_1.edf','2_17_1.csv',2,M,36,Right,17,1,89
'2_17_2.edf','2_17_2.csv',2,M,36,Right,17,2,82
'2_18_1.edf','2_18_1.csv',2,M,36,Right,18,1,100
'2_18_2.edf','2_18_2.csv',2,M,36,Right,18,2,97
'2_19_1.edf','2_19_1.csv',2,M,36,Right,19,1,89
'2_19_2.edf','2_19_2.csv',2,M,36,Right,19,2,92
'2_1_1.edf','2_1_1.csv',2,M,36,Right,1,1,86
'2_1_2.edf','2_1_2.csv',2,M,36,Right,1,2,94
'2_20_1.edf','2_20_1.csv',2,M,36,Right,20,1,86
'2_20_2.edf','2_20_2.csv',2,M,36,Right,20,2,92
'2_21_1.edf','2_21_1.csv',2,M,36,Right,21,1,100
'2_21_2.edf','2_21_2.csv',2,M,36,Right,21,2,97
'2_22_1.edf','2_22_1.csv',2,M,36,Right,22,1,77
'2_22_2.edf','2_22_2.csv',2,M,36,Right,22,2,79
'2_23_1.edf','2_23_1.csv',2,M,36,Right,23,1,89
'2_23_2.edf','2_23_2.csv',2,M,36,Right,23,2,92
'2_24_1.edf','2_24_1.csv',2,M,36,Right,24,1,87
'2_24_2.edf','2_24_2.csv',2,M,36,Right,24,2,87
'2_25_1.edf','2_25_1.csv',2,M,36,Right,25,1,86
'2_25_2.edf','2_25_2.csv',2,M,36,Right,25,2,82
'2_26_1.edf','2_26_1.csv',2,M,36,Right,26,1,90
'2_26_2.edf','2_26_2.csv',2,M,36,Right,26,2,92
'2_27_1.edf','2_27_1.csv',2,M,36,Right,27,1,81
'2_27_2.edf','2_27_2.csv',2,M,36,Right,27,2,92
'2_2_1.edf','2_2_1.csv',2,M,36,Right,2,1,84
'2_2_2.edf','2_2_2.csv',2,M,36,Right,2,2,96
'2_3_1.edf','2_3_1.csv',2,M,36,Right,3,1,99
'2_3_2.edf','2_3_2.csv',2,M,36,Right,3,2,100
'2_4_1.edf','2_4_1.csv',2,M,36,Right,4,1,89
'2_4_2.edf','2_4_2.csv',2,M,36,Right,4,2,92
'2_5_1.edf','2_5_1.csv',2,M,36,Right,5,1,88
'2_5_2.edf','2_5_2.csv',2,M,36,Right,5,2,81
'2_6_1.edf','2_6_1.csv',2,M,36,Right,6,1,82
'2_6_2.edf','2_6_2.csv',2,M,36,Right,6,2,62
'2_6_3.edf','2_6_3.csv',2,M,36,Right,6,3,56
'2_6_4.edf','2_6_4.csv',2,M,36,Right,6,4,68
'2_6_5.edf','2_6_5.csv',2,M,36,Right,6,5,75
'2_7_1.edf','2_7_1.csv',2,M,36,Right,7,1,94
'2_7_2.edf','2_7_2.csv',2,M,36,Right,7,2,100
'2_8_1.edf','2_8_1.csv',2,M,36,Right,8,1,90
'2_8_2.edf','2_8_2.csv',2,M,36,Right,8,2,78
'2_9_1.edf','2_9_1.csv',2,M,36,Right,9,1,92
'2_9_2.edf','2_9_2.csv',2,M,36,Right,9,2,94
25_10_1.edf',25_10_1.csv',25,M,39,Right,10,1,69
25_10_2.edf',25_10_2.csv',25,M,39,Right,10,2,90
25_11_1.edf',25_11_1.csv',25,M,39,Right,11,1,58
25_11_2.edf',25_11_2.csv',25,M,39,Right,11,2,58
25_11_3.edf',25_11_3.csv',25,M,39,Right,11,3,49
25_11_4.edf',25_11_4.csv',25,M,39,Right,11,4,44
25_11_5.edf',25_11_5.csv',25,M,39,Right,11,5,61
25_11_6.edf',25_11_6.csv',25,M,39,Right,11,6,69
25_11_7.edf',25_11_7.csv',25,M,39,Right,11,7,72
25_12_1.edf',25_12_1.csv',25,M,39,Right,12,1,75
25_12_2.edf',25_12_2.csv',25,M,39,Right,12,2,83
25_13_1.edf',25_13_1.csv',25,M,39,Right,13,1,77
25_13_2.edf',25_13_2.csv',25,M,39,Right,13,2,77
25_14_1.edf',25_14_1.csv',25,M,39,Right,14,1,53
25_14_2.edf',25_14_2.csv',25,M,39,Right,14,2,60
25_14_3.edf',25_14_3.csv',25,M,39,Right,14,3,51
25_14_4.edf',25_14_4.csv',25,M,39,Right,14,4,56
25_14_5.edf',25_14_5.csv',25,M,39,Right,14,5,61
25_14_6.edf',25_14_6.csv',25,M,39,Right,14,6,72
25_15_1.edf',25_15_1.csv',25,M,39,Right,15,1,69
25_15_2.edf',25_15_2.csv',25,M,39,Right,15,2,91
25_16_1.edf',25_16_1.csv',25,M,39,Right,16,1,68
25_16_2.edf',25_16_2.csv',25,M,39,Right,16,2,77
25_17_1.edf',25_17_1.csv',25,M,39,Right,17,1,95
25_17_2.edf',25_17_2.csv',25,M,39,Right,17,2,93
25_18_1.edf',25_18_1.csv',25,M,39,Right,18,1,96
25_18_2.edf',25_18_2.csv',25,M,39,Right,18,2,66
25_19_1.edf',25_19_1.csv',25,M,39,Right,19,1,68
25_19_2.edf',25_19_2.csv',25,M,39,Right,19,2,62
25_19_3.edf',25_19_3.csv',25,M,39,Right,19,3,76
25_1_1.edf',25_1_1.csv',25,M,39,Right,1,1,81
25_1_2.edf',25_1_2.csv',25,M,39,Right,1,2,84
25_20_1.edf',25_20_1.csv',25,M,39,Right,20,1,82
25_20_2.edf',25_20_2.csv',25,M,39,Right,20,2,77
25_21_1.edf',25_21_1.csv',25,M,39,Right,21,1,75
25_21_2.edf',25_21_2.csv',25,M,39,Right,21,2,84
25_22_1.edf',25_22_1.csv',25,M,39,Right,22,1,56
25_22_2.edf',25_22_2.csv',25,M,39,Right,22,2,68
25_22_3.edf',25_22_3.csv',25,M,39,Right,22,3,82
25_23_1.edf',25_23_1.csv',25,M,39,Right,23,1,57
25_23_2.edf',25_23_2.csv',25,M,39,Right,23,2,69
25_23_3.edf',25_23_3.csv',25,M,39,Right,23,3,79
25_24_ 1.edf',25_24_1.csv',25,M,39,Right,24,1,70
25_24_2.edf',25_24_2.csv',25,M,39,Right,24,2,69
25_25_1.edf',25_25_1.csv',25,M,39,Right,25,1,72
25_25_2.edf',25_25_2.csv',25,M,39,Right,25,2,59
25_25_3.edf',25_25_3.csv',25,M,39,Right,25,3,73
25_26_1.edf',25_26_1.csv',25,M,39,Right,26,1,81
25_26_2.edf',25_26_2.csv',25,M,39,Right,26,2,69
25_27_1.edf',25_27_1.csv',25,M,39,Right,27,1,87
25_27_2.edf',25_27_2.csv',25,M,39,Right,27,2,84
25_2_1.edf',25_2_1.csv',25,M,39,Right,2,1,64
25_2_2.edf',25_2_2.csv',25,M,39,Right,2,2,83
25_3_1.edf',25_3_1.csv',25,M,39,Right,3,1,77
25_3_2.edf',25_3_2.csv',25,M,39,Right,3,2,63
25_4_1.edf',25_4_1.csv',25,M,39,Right,4,1,48
25_4_2.edf',25_4_2.csv',25,M,39,Right,4,2,56
25_4_3.edf',25_4_3.csv',25,M,39,Right,4,3,68
25_4_4.edf',25_4_4.csv',25,M,39,Right,4,4,60
25_4_5.edf',25_4_5.csv',25,M,39,Right,4,5,53
25_4_6.edf',25_4_6.csv',25,M,39,Right,4,6,72
25_5_1.edf',25_5_1.csv',25,M,39,Right,5,1,63
25_5_2.edf',25_5_2.csv',25,M,39,Right,5,2,67
25_5_3.edf',25_5_3.csv',25,M,39,Right,5,3,74
25_6_1.edf',25_6_1.csv',25,M,39,Right,6,1,36
25_6_2.edf',25_6_2.csv',25,M,39,Right,6,2,56
25_6_3.edf',25_6_3.csv',25,M,39,Right,6,3,62
25_6_4.edf',25_6_4.csv',25,M,39,Right,6,4,48
25_6_5.edf',25_6_5.csv',25,M,39,Right,6,5,39
25_6_6.edf',25_6_6.csv',25,M,39,Right,6,6,41
25_6_7.edf',25_6_7.csv',25,M,39,Right,6,7,64
25_6_8.edf',25_6_8.csv',25,M,39,Right,6,8,64
25_6_9.edf',25_6_9.csv',25,M,39,Right,6,9,70
25_7_1.edf',25_7_1.csv',25,M,39,Right,7,1,89
25_7_2.edf',25_7_2.csv',25,M,39,Right,7,2,91
25_8_1.edf',25_8_1.csv',25,M,39,Right,8,1,65
25_8_2.edf',25_8_2.csv',25,M,39,Right,8,2,58
25_8_3.edf',25_8_3.csv',25,M,39,Right,8,3,54
25_8_4.edf',25_8_4.csv',25,M,39,Right,8,4,73
25_9_1.edf',25_9_1.csv',25,M,39,Right,9,1,33
25_9_2.edf',25_9_2.csv',25,M,39,Right,9,2,71
'3_10_1.edf','3_10_1.csv',3,F,22,Right,10,1,88
'3_10_2.edf','3_10_2.csv',3,F,22,Right,10,2,89
'3_11_ 1.edf','3_11_1.csv',3,F,22,Right,11,1,64
'3_11_ 2.edf','3_11_2.csv',3,F,22,Right,11,2,84
'3_12_1.edf','3_12_1.csv',3,F,22,Right,12,1,96
'3_12_2.edf','3_12_2.csv',3,F,22,Right,12,2,95
'3_13_1.edf','3_13_1.csv',3,F,22,Right,13,1,76
'3_13_2.edf','3_13_2.csv',3,F,22,Right,13,2,85
'3_14_1.edf','3_14_1.csv',3,F,22,Right,14,1,78
'3_14_2.edf','3_14_2.csv',3,F,22,Right,14,2,61
'3_15_1.edf','3_15_1.csv',3,F,22,Right,15,1,95
'3_15_2.edf','3_15_2.csv',3,F,22,Right,15,2,89
'3_16_ 1.edf','3_16_1.csv',3,F,22,Right,16,1,93
'3_16_ 2.edf','3_16_2.csv',3,F,22,Right,16,2,85
'3_17_1.edf','3_17_1.csv',3,F,22,Right,17,1,91
'3_17_2.edf','3_17_2.csv',3,F,22,Right,17,2,100
'3_18_1.edf','3_18_1.csv',3,F,22,Right,18,1,94
'3_18_2.edf','3_18_2.csv',3,F,22,Right,18,2,92
'3_19_1.edf','3_19_1.csv',3,F,22,Right,19,1,78
'3_19_2.edf','3_19_2.csv',3,F,22,Right,19,2,70
'3_1_1.edf','3_1_1.csv',3,F,22,Right,1,1,98
'3_1_2.edf','3_1_2.csv',3,F,22,Right,1,2,97
'3_20_1.edf','3_20_1.csv',3,F,22,Right,20,1,85
'3_20_2.edf','3_20_2.csv',3,F,22,Right,20,2,92
'3_21_ 1.edf','3_21_1.csv',3,F,22,Right,21,1,69
'3_21_ 2.edf','3_21_2.csv',3,F,22,Right,21,2,87
'3_22_1.edf','3_22_1.csv',3,F,22,Right,22,1,75
'3_22_2.edf','3_22_2.csv',3,F,22,Right,22,2,89
'3_23_1.edf','3_23_1.csv',3,F,22,Right,23,1,84
'3_23_2.edf','3_23_2.csv',3,F,22,Right,23,2,96
'3_24_1.edf','3_24_1.csv',3,F,22,Right,24,1,89
'3_24_2.edf','3_24_2.csv',3,F,22,Right,24,2,99
'3_25_1.edf','3_25_1.csv',3,F,22,Right,25,1,74
'3_25_2.edf','3_25_2.csv',3,F,22,Right,25,2,85
'3_26_1.edf','3_26_1.csv',3,F,22,Right,26,1,86
'3_26_2.edf','3_26_2.csv',3,F,22,Right,26,2,89
'3_27_1.edf','3_27_1.csv',3,F,22,Right,27,1,93
'3_27_2.edf','3_27_2.csv',3,F,22,Right,27,2,95
'3_2_1.edf','3_2_1.csv',3,F,22,Right,2,1,88
'3_2_2.edf','3_2_2.csv',3,F,22,Right,2,2,94
'3_3_1.edf','3_3_1.csv',3,F,22,Right,3,1,99
'3_3_2.edf','3_3_2.csv',3,F,22,Right,3,2,99
'3_4_1.edf','3_4_1.csv',3,F,22,Right,4,1,87
'3_4_2.edf','3_4_2.csv',3,F,22,Right,4,2,90
'3_5_1.edf','3_5_1.csv',3,F,22,Right,5,1,76
'3_5_2.edf','3_5_2.csv',3,F,22,Right,5,2,79
'3_6_1.edf','3_6_1.csv',3,F,22,Right,6,1,80
'3_6_2.edf','3_6_2.csv',3,F,22,Right,6,2,89
'3_7_1.edf','3_7_1.csv',3,F,22,Right,7,1,95
'3_7_2.edf','3_7_2.csv',3,F,22,Right,7,2,95
'3_8_1.edf','3_8_1.csv',3,F,22,Right,8,1,79
'3_8_2.edf','3_8_2.csv',3,F,22,Right,8,2,84
'3_9_1.edf','3_9_1.csv',3,F,22,Right,9,1,95
'3_9_2.edf','3_9_2.csv',3,F,22,Right,9,2,97
'4_10_1.edf','4_10_1.csv',4,M,26,Right,10,1,83
'4_10_2.edf','4_10_2.csv',4,M,26,Right,10,2,94
'4_11_1.edf','4_11_1.csv',4,M,26,Right,11,1,69
'4_11_2.edf','4_11_2.csv',4,M,26,Right,11,2,86
'4_12_1.edf','4_12_1.csv',4,M,26,Right,12,1,96
'4_12_2.edf','4_12_2.csv',4,M,26,Right,12,2,92
'4_13_1.edf','4_13_1.csv',4,M,26,Right,13,1,85
'4_13_2.edf','4_13_2.csv',4,M,26,Right,13,2,87
'4_14_1.edf','4_14_1.csv',4,M,26,Right,14,1,48
'4_14_2.edf','4_14_2.csv',4,M,26,Right,14,2,66
'4_14_3.edf','4_14_3.csv',4,M,26,Right,14,3,72
'4_15_1.edf','4_15_1.csv',4,M,26,Right,15,1,94
'4_15_2.edf','4_15_2.csv',4,M,26,Right,15,2,77
'4_16_1.edf','4_16_1.csv',4,M,26,Right,16,1,52
'4_16_2.edf','4_16_2.csv',4,M,26,Right,16,2,57
'4_16_3.edf','4_16_3.csv',4,M,26,Right,16,3,46
'4_16_4.edf','4_16_4.csv',4,M,26,Right,16,4,68
'4_16_5.edf','4_16_5.csv',4,M,26,Right,16,5,66
'4_16_6.edf','4_16_6.csv',4,M,26,Right,16,6,86
'4_17_1.edf','4_17_1.csv',4,M,26,Right,17,1,64
'4_17_2.edf','4_17_2.csv',4,M,26,Right,17,2,71
'4_18_1.edf','4_18_1.csv',4,M,26,Right,18,1,59
'4_18_2.edf','4_18_2.csv',4,M,26,Right,18,2,68
'4_18_3.edf','4_18_3.csv',4,M,26,Right,18,3,70
'4_19_1.edf','4_19_1.csv',4,M,26,Right,19,1,75
'4_19_2.edf','4_19_2.csv',4,M,26,Right,19,2,77
'4_1_1.edf','4_1_1.csv',4,M,26,Right,1,1,91
'4_1_2.edf','4_1_2.csv',4,M,26,Right,1,2,90
'4_20_1.edf','4_20_1.csv',4,M,26,Right,20,1,92
'4_20_2.edf','4_20_2.csv',4,M,26,Right,20,2,92
'4_21_1.edf','4_21_1.csv',4,M,26,Right,21,1,65
'4_21_2.edf','4_21_2.csv',4,M,26,Right,21,2,75
'4_22_1.edf','4_22_1.csv',4,M,26,Right,22,1,57
'4_22_2.edf','4_22_2.csv',4,M,26,Right,22,2,51
'4_22_3.edf','4_22_3.csv',4,M,26,Right,22,3,73
'4_23_1.edf','4_23_1.csv',4,M,26,Right,23,1,68
'4_23_2.edf','4_23_2.csv',4,M,26,Right,23,2,93
'4_24_1.edf','4_24_1.csv',4,M,26,Right,24,1,86
'4_24_2.edf','4_24_2.csv',4,M,26,Right,24,2,97
'4_25_1.edf','4_25_1.csv',4,M,26,Right,25,1,74
'4_25_2.edf','4_25_2.csv',4,M,26,Right,25,2,94
'4_26_1.edf','4_26_1.csv',4,M,26,Right,26,1,88
'4_26_2.edf','4_26_2.csv',4,M,26,Right,26,2,80
'4_27_1.edf','4_27_1.csv',4,M,26,Right,27,1,75
'4_27_2.edf','4_27_2.csv',4,M,26,Right,27,2,89
'4_2_1.edf','4_2_1.csv',4,M,26,Right,2,1,70
'4_2_2.edf','4_2_2.csv',4,M,26,Right,2,2,83
'4_3_1.edf','4_3_1.csv',4,M,26,Right,3,1,94
'4_3_2.edf','4_3_2.csv',4,M,26,Right,3,2,93
'4_4_1.edf','4_4_1.csv',4,M,26,Right,4,1,74
'4_4_2.edf','4_4_2.csv',4,M,26,Right,4,2,60
'4_5_1.edf','4_5_1.csv',4,M,26,Right,5,1,37
'4_5_2.edf','4_5_2.csv',4,M,26,Right,5,2,48
'4_5_3.edf','4_5_3.csv',4,M,26,Right,5,3,56
'4_5_4.edf','4_5_4.csv',4,M,26,Right,5,4,66
'4_5_5.edf','4_5_5.csv',4,M,26,Right,5,5,78
'4_6_1.edf','4_6_1.csv',4,M,26,Right,6,1,24
'4_6_2.edf','4_6_2.csv',4,M,26,Right,6,2,47
'4_6_3.edf','4_6_3.csv',4,M,26,Right,6,3,72
'4_7_1.edf','4_7_1.csv',4,M,26,Right,7,1,99
'4_7_2.edf','4_7_2.csv',4,M,26,Right,7,2,94
'4_8_1.edf','4_8_1.csv',4,M,26,Right,8,1,43
'4_8_2.edf','4_8_2.csv',4,M,26,Right,8,2,57
'4_8_3.edf','4_8_3.csv',4,M,26,Right,8,3,96
'4_9_1.edf','4_9_1.csv',4,M,26,Right,9,1,80
'4_9_2.edf','4_9_2.csv',4,M,26,Right,9,2,90
'5_10_1.edf','5_10_1.csv',5,M,33,Right,10,1,79
'5_10_2.edf','5_10_2.csv',5,M,33,Right,10,2,79
'5_11_1.edf','5_11_1.csv',5,M,33,Right,11,1,63
'5_11_2.edf','5_11_2.csv',5,M,33,Right,11,2,80
'5_12_1.edf','5_12_1.csv',5,M,33,Right,12,1,96
'5_12_2.edf','5_12_2.csv',5,M,33,Right,12,2,99
'5_13_1.edf','5_13_1.csv',5,M,33,Right,13,1,77
'5_13_2.edf','5_13_2.csv',5,M,33,Right,13,2,96
'5_14_1.edf','5_14_1.csv',5,M,33,Right,14,1,75
'5_14_2.edf','5_14_2.csv',5,M,33,Right,14,2,94
'5_15_1.edf','5_15_1.csv',5,M,33,Right,15,1,72
'5_15_2.edf','5_15_2.csv',5,M,33,Right,15,2,79
'5_16_1.edf','5_16_1.csv',5,M,33,Right,16,1,57
'5_16_2.edf','5_16_2.csv',5,M,33,Right,16,2,85
'5_17_1.edf','5_17_1.csv',5,M,33,Right,17,1,86
'5_17_2.edf','5_17_2.csv',5,M,33,Right,17,2,83
'5_18_1.edf','5_18_1.csv',5,M,33,Right,18,1,67
'5_18_2.edf','5_18_2.csv',5,M,33,Right,18,2,84
'5_19_1.edf','5_19_1.csv',5,M,33,Right,19,1,74
'5_19_2.edf','5_19_2.csv',5,M,33,Right,19,2,87
'5_1_1.edf','5_1_1.csv',5,M,33,Right,1,1,95
'5_1_2.edf','5_1_2.csv',5,M,33,Right,1,2,93
'5_20_1.edf','5_20_1.csv',5,M,33,Right,20,1,94
'5_20_2.edf','5_20_2.csv',5,M,33,Right,20,2,90
'5_21_1.edf','5_21_1.csv',5,M,33,Right,21,1,52
'5_21_2.edf','5_21_2.csv',5,M,33,Right,21,2,58
'5_21_3.edf','5_21_3.csv',5,M,33,Right,21,3,59
'5_21_4.edf','5_21_4.csv',5,M,33,Right,21,4,59
'5_21_5.edf','5_21_5.csv',5,M,33,Right,21,5,77
'5_22_1.edf','5_22_1.csv',5,M,33,Right,22,1,53
'5_22_2.edf','5_22_2.csv',5,M,33,Right,22,2,72
'5_23_1.edf','5_23_1.csv',5,M,33,Right,23,1,89
'5_23_2.edf','5_23_2.csv',5,M,33,Right,23,2,96
'5_24_1.edf','5_24_1.csv',5,M,33,Right,24,1,84
'5_24_2.edf','5_24_2.csv',5,M,33,Right,24,2,99
'5_25_1.edf','5_25_1.csv',5,M,33,Right,25,1,96
'5_25_2.edf','5_25_2.csv',5,M,33,Right,25,2,85
'5_26_1.edf','5_26_1.csv',5,M,33,Right,26,1,92
'5_26_2.edf','5_26_2.csv',5,M,33,Right,26,2,90
'5_27_1.edf','5_27_1.csv',5,M,33,Right,27,1,100
'5_27_2.edf','5_27_2.csv',5,M,33,Right,27,2,96
'5_2_1.edf','5_2_1.csv',5,M,33,Right,2,1,91
'5_2_2.edf','5_2_2.csv',5,M,33,Right,2,2,90
'5_3_1.edf','5_3_1.csv',5,M,33,Right,3,1,100
'5_3_2.edf','5_3_2.csv',5,M,33,Right,3,2,98
'5_4_1.edf','5_4_1.csv',5,M,33,Right,4,1,75
'5_4_2.edf','5_4_2.csv',5,M,33,Right,4,2,58
'5_5_1.edf','5_5_1.csv',5,M,33,Right,5,1,48
'5_5_2.edf','5_5_2.csv',5,M,33,Right,5,2,50
'5_5_3.edf','5_5_3.csv',5,M,33,Right,5,3,61
'5_5_4.edf','5_5_4.csv',5,M,33,Right,5,4,50
'5_5_5.edf','5_5_5.csv',5,M,33,Right,5,5,62
'5_5_6.edf','5_5_6.csv',5,M,33,Right,5,6,87
'5_6_1.edf','5_6_1.csv',5,M,33,Right,6,1,50
'5_6_10.edf','5_6_10.csv',5,M,33,Right,6,10,61
'5_6_11.edf','5_6_11.csv',5,M,33,Right,6,11,66
'5_6_12.edf','5_6_12.csv',5,M,33,Right,6,12,73
'5_6_2.edf','5_6_2.csv',5,M,33,Right,6,2,50
'5_6_3.edf','5_6_3.csv',5,M,33,Right,6,3,48
'5_6_4.edf','5_6_4.csv',5,M,33,Right,6,4,45
'5_6_5.edf','5_6_5.csv',5,M,33,Right,6,5,64
'5_6_6.edf','5_6_6.csv',5,M,33,Right,6,6,62
'5_6_7.edf','5_6_7.csv',5,M,33,Right,6,7,61
'5_6_8.edf','5_6_8.csv',5,M,33,Right,6,8,57
'5_6_9.edf','5_6_9.csv',5,M,33,Right,6,9,60
'5_7_1.edf','5_7_1.csv',5,M,33,Right,7,1,92
'5_7_2.edf','5_7_2.csv',5,M,33,Right,7,2,98
'5_8_1.edf','5_8_1.csv',5,M,33,Right,8,1,71
'5_8_2.edf','5_8_2.csv',5,M,33,Right,8,2,80
'5_9_1.edf','5_9_1.csv',5,M,33,Right,9,1,76
'5_9_2.edf','5_9_2.csv',5,M,33,Right,9,2,81
6_10_1.edf',6_10_1.csv',6,M,33,Right,10,1,91
6_10_2.edf',6_10_2.csv',6,M,33,Right,10,2,91
6_11_1.edf',6_11_1.csv',6,M,33,Right,11,1,68
6_11_2.edf',6_11_2.csv',6,M,33,Right,11,2,86
6_12_1.edf',6_12_1.csv',6,M,33,Right,12,1,95
6_12_2.edf',6_12_2.csv',6,M,33,Right,12,2,100
6_13_1.edf',6_13_1.csv',6,M,33,Right,13,1,97
6_13_2.edf',6_13_2.csv',6,M,33,Right,13,2,96
6_14_1.edf',6_14_1.csv',6,M,33,Right,14,1,24
6_14_2.edf',6_14_2.csv',6,M,33,Right,14,2,77
6_15_1.edf',6_15_1.csv',6,M,33,Right,15,1,93
6_15_2.edf',6_15_2.csv',6,M,33,Right,15,2,84
6_16_1.edf',6_16_1.csv',6,M,33,Right,16,1,71
6_16_2.edf',6_16_2.csv',6,M,33,Right,16,2,67
6_17_1.edf',6_17_1.csv',6,M,33,Right,17,1,89
6_17_2.edf',6_17_2.csv',6,M,33,Right,17,2,68
6_18_1.edf',6_18_1.csv',6,M,33,Right,18,1,84
6_18_2.edf',6_18_2.csv',6,M,33,Right,18,2,84
6_19_1.edf',6_19_1.csv',6,M,33,Right,19,1,60
6_19_2.edf',6_19_2.csv',6,M,33,Right,19,2,73
6_1_1.edf',6_1_1.csv',6,M,33,Right,1,1,94
6_1_2.edf',6_1_2.csv',6,M,33,Right,1,2,92
6_20_1.edf',6_20_1.csv',6,M,33,Right,20,1,79
6_20_2.edf',6_20_2.csv',6,M,33,Right,20,2,90
6_21_1.edf',6_21_1.csv',6,M,33,Right,21,1,54
6_21_2.edf',6_21_2.csv',6,M,33,Right,21,2,42
6_22_1.edf',6_22_1.csv',6,M,33,Right,22,1,78
6_22_2.edf',6_22_2.csv',6,M,33,Right,22,2,88
6_23_1.edf',6_23_1.csv',6,M,33,Right,23,1,76
6_23_2.edf',6_23_2.csv',6,M,33,Right,23,2,95
6_24_1.edf',6_24_1.csv',6,M,33,Right,24,1,90
6_24_2.edf',6_24_2.csv',6,M,33,Right,24,2,98
6_25_1.edf',6_25_1.csv',6,M,33,Right,25,1,71
6_25_2.edf',6_25_2.csv',6,M,33,Right,25,2,89
6_26_1.edf',6_26_1.csv',6,M,33,Right,26,1,89
6_26_2.edf',6_26_2.csv',6,M,33,Right,26,2,86
6_27_1.edf',6_27_1.csv',6,M,33,Right,27,1,87
6_27_2.edf',6_27_2.csv',6,M,33,Right,27,2,90
6_2_1.edf',6_2_1.csv',6,M,33,Right,2,1,90
6_2_2.edf',6_2_2.csv',6,M,33,Right,2,2,95
6_3_1.edf',6_3_1.csv',6,M,33,Right,3,1,94
6_3_2.edf',6_3_2.csv',6,M,33,Right,3,2,97
6_4_1.edf',6_4_1.csv',6,M,33,Right,4,1,82
6_4_2.edf',6_4_2.csv',6,M,33,Right,4,2,89
6_5_1.edf',6_5_1.csv',6,M,33,Right,5,1,79
6_5_2.edf',6_5_2.csv',6,M,33,Right,5,2,90
6_6_1.edf',6_6_1.csv',6,M,33,Right,6,1,51
6_6_2.edf',6_6_2.csv',6,M,33,Right,6,2,58
6_7_1.edf',6_7_1.csv',6,M,33,Right,7,1,99
6_7_2.edf',6_7_2.csv',6,M,33,Right,7,2,98
6_8_1.edf',6_8_1.csv',6,M,33,Right,8,1,92
6_8_2.edf',6_8_2.csv',6,M,33,Right,8,2,79
6_9_1.edf',6_9_1.csv',6,M,33,Right,9,1,79
6_9_2.edf',6_9_2.csv',6,M,33,Right,9,2,89
7_10_1.edf',7_10_1.csv',7,M,61,Right,10,1,50
7_10_2.edf',7_10_2.csv',7,M,61,Right,10,2,88
7_11_1.edf',7_11_1.csv',7,M,61,Right,11,1,65
7_11_2.edf',7_11_2.csv',7,M,61,Right,11,2,65
7_11_3.edf',7_11_3.csv',7,M,61,Right,11,3,58
7_11_4.edf',7_11_4.csv',7,M,61,Right,11,4,61
7_11_5.edf',7_11_5.csv',7,M,61,Right,11,5,52
7_11_6.edf',7_11_6.csv',7,M,61,Right,11,6,62
7_11_7.edf',7_11_7.csv',7,M,61,Right,11,7,62
7_11_8.edf',7_11_8.csv',7,M,61,Right,11,8,91
7_12_1.edf',7_12_1.csv',7,M,61,Right,12,1,84
7_12_2.edf',7_12_2.csv',7,M,61,Right,12,2,94
7_13_1.edf',7_13_1.csv',7,M,61,Right,13,1,97
7_13_2.edf',7_13_2.csv',7,M,61,Right,13,2,95
7_14_1.edf',7_14_1.csv',7,M,61,Right,14,1,35
7_14_2.edf',7_14_2.csv',7,M,61,Right,14,2,66
7_14_3.edf',7_14_3.csv',7,M,61,Right,14,3,82
7_15_1.edf',7_15_1.csv',7,M,61,Right,15,1,66
7_15_2.edf',7_15_2.csv',7,M,61,Right,15,2,91
7_16_1.edf',7_16_1.csv',7,M,61,Right,16,1,42
7_16_2.edf',7_16_2.csv',7,M,61,Right,16,2,76
7_17_1.edf',7_17_1.csv',7,M,61,Right,17,1,60
7_17_2.edf',7_17_2.csv',7,M,61,Right,17,2,68
7_17_3.edf',7_17_3.csv',7,M,61,Right,17,3,84
7_18_1.edf',7_18_1.csv',7,M,61,Right,18,1,65
7_18_2.edf',7_18_2.csv',7,M,61,Right,18,2,81
7_19_1.edf',7_19_1.csv',7,M,61,Right,19,1,93
7_19_2.edf',7_19_2.csv',7,M,61,Right,19,2,58
7_1_1.edf',7_1_1.csv',7,M,61,Right,1,1,90
7_1_2.edf',7_1_2.csv',7,M,61,Right,1,2,93
7_20_1.edf',7_20_1.csv',7,M,61,Right,20,1,55
7_20_2.edf',7_20_2.csv',7,M,61,Right,20,2,67
7_20_3.edf',7_20_3.csv',7,M,61,Right,20,3,65
7_20_4.edf',7_20_4.csv',7,M,61,Right,20,4,77
7_21_1.edf',7_21_1.csv',7,M,61,Right,21,1,72
7_21_2.edf',7_21_2.csv',7,M,61,Right,21,2,55
7_22_1.edf',7_22_1.csv',7,M,61,Right,22,1,72
7_22_2.edf',,7,M,61,Right,22,2,61
7_23_1.edf',7_23_1.csv',7,M,61,Right,23,1,71
7_23_2.edf',,7,M,61,Right,23,2,88
7_24_1.edf',7_24_1.csv',7,M,61,Right,24,1,53
7_24_2.edf',7_24_2.csv',7,M,61,Right,24,2,88
7_25_1.edf',,7,M,61,Right,25,1,93
7_25_2.edf',,7,M,61,Right,25,2,88
7_26_1.edf',7_26_1.csv',7,M,61,Right,26,1,88
7_26_2.edf',,7,M,61,Right,26,2,94
7_27_1.edf',,7,M,61,Right,27,1,85
7_27_2.edf',,7,M,61,Right,27,2,63
7_2_1.edf',7_2_1.csv',7,M,61,Right,2,1,81
7_2_2.edf',7_2_2.csv',7,M,61,Right,2,2,64
7_3_1.edf',7_3_1.csv',7,M,61,Right,3,1,69
7_3_2.edf',7_3_2.csv',7,M,61,Right,3,2,85
7_4_1.edf',7_4_1.csv',7,M,61,Right,4,1,65
7_4_2.edf',7_4_2.csv',7,M,61,Right,4,2,63
7_4_3.edf',7_4_3.csv',7,M,61,Right,4,3,62
7_4_4.edf',7_4_4.csv',7,M,61,Right,4,4,71
7_5_1.edf',7_5_1.csv',7,M,61,Right,5,1,57
7_5_2.edf',7_5_2.csv',7,M,61,Right,5,2,36
7_5_3.edf',7_5_3.csv',7,M,61,Right,5,3,67
7_5_4.edf',7_5_4.csv',7,M,61,Right,5,4,75
7_6_1.edf',7_6_1.csv',7,M,61,Right,6,1,54
7_6_2.edf',7_6_2.csv',7,M,61,Right,6,2,52
7_6_3.edf',7_6_3.csv',7,M,61,Right,6,3,52
7_6_4.edf',7_6_4.csv',7,M,61,Right,6,4,69
7_6_5.edf',7_6_5.csv',7,M,61,Right,6,5,67
7_6_6.edf',7_6_6.csv',7,M,61,Right,6,6,47
7_6_7.edf',7_6_7.csv',7,M,61,Right,6,7,53
7_6_8.edf',7_6_8.csv',7,M,61,Right,6,8,75
7_7_1.edf',7_7_1.csv',7,M,61,Right,7,1,84
7_7_2.edf',7_7_2.csv',7,M,61,Right,7,2,92
7_8_1.edf',7_8_1.csv',7,M,61,Right,8,1,40
7_8_2.edf',7_8_2.csv',7,M,61,Right,8,2,42
7_8_3.edf',7_8_3.csv',7,M,61,Right,8,3,65
7_8_4.edf',7_8_4.csv',7,M,61,Right,8,4,58
7_8_5.edf',7_8_5.csv',7,M,61,Right,8,5,62
7_8_6.edf',7_8_6.csv',7,M,61,Right,8,6,64
7_8_7.edf',7_8_7.csv',7,M,61,Right,8,7,72
7_9_1.edf',7_9_1.csv',7,M,61,Right,9,1,63
7_9_2.edf',7_9_2.csv',7,M,61,Right,9,2,99
8_10_1.edf',8_10_1.csv',8,M,44,Right,10,1,90
8_10_2.edf',8_10_2.csv',8,M,44,Right,10,2,96
8_11_1.edf',8_11_1.csv',8,M,44,Right,11,1,76
8_11_2.edf',8_11_2.csv',8,M,44,Right,11,2,85
8_12_1.edf',8_12_1.csv',8,M,44,Right,12,1,85
8_12_2.edf',8_12_2.csv',8,M,44,Right,12,2,100
8_13_1.edf',8_13_1.csv',8,M,44,Right,13,1,100
8_13_2.edf',8_13_2.csv',8,M,44,Right,13,2,96
8_14_1.edf',8_14_1.csv',8,M,44,Right,14,1,52
8_14_2.edf',8_14_2.csv',8,M,44,Right,14,2,95
8_15_1.edf',8_15_1.csv',8,M,44,Right,15,1,94
8_15_2.edf',8_15_2.csv',8,M,44,Right,15,2,99
8_16_1.edf',8_16_1.csv',8,M,44,Right,16,1,77
8_16_2.edf',8_16_2.csv',8,M,44,Right,16,2,95
8_17_1.edf',8_17_1.csv',8,M,44,Right,17,1,74
8_17_2.edf',8_17_2.csv',8,M,44,Right,17,2,75
8_18_1.edf',8_18_1.csv',8,M,44,Right,18,1,86
8_18_2.edf',8_18_2.csv',8,M,44,Right,18,2,70
8_19_1.edf',8_19_1.csv',8,M,44,Right,19,1,79
8_19_2.edf',8_19_2.csv',8,M,44,Right,19,2,100
8_1_1.edf',8_1_1.csv',8,M,44,Right,1,1,90
8_1_2.edf',8_1_2.csv',8,M,44,Right,1,2,89
8_20_1.edf',8_20_1.csv',8,M,44,Right,20,1,97
8_20_2.edf',8_20_2.csv',8,M,44,Right,20,2,94
8_21_1.edf',8_21_1.csv',8,M,44,Right,21,1,75
8_21_2.edf',8_21_2.csv',8,M,44,Right,21,2,67
8_22_1.edf',8_22_1.csv',8,M,44,Right,22,1,40
8_22_2.edf',8_22_2.csv',8,M,44,Right,22,2,61
8_22_3.edf',8_22_3.csv',8,M,44,Right,22,3,66
8_23_1.edf',8_23_1.csv',8,M,44,Right,23,1,81
8_23_2.edf',8_23_2.csv',8,M,44,Right,23,2,92
8_24_1.edf',8_24_1.csv',8,M,44,Right,24,1,76
8_24_2.edf',8_24_2.csv',8,M,44,Right,24,2,90
8_25_1.edf',8_25_1.csv',8,M,44,Right,25,1,59
8_25_2.edf',8_25_2.csv',8,M,44,Right,25,2,81
8_26_1.edf',8_26_1.csv',8,M,44,Right,26,1,97
8_26_2.edf',8_26_2.csv',8,M,44,Right,26,2,97
8_27_1.edf',8_27_1.csv',8,M,44,Right,27,1,85
8_27_2.edf',8_27_2.csv',8,M,44,Right,27,2,94
8_2_1.edf',8_2_1.csv',8,M,44,Right,2,1,88
8_2_2.edf',8_2_2.csv',8,M,44,Right,2,2,98
8_3_1.edf',8_3_1.csv',8,M,44,Right,3,1,99
8_3_2.edf',8_3_2.csv',8,M,44,Right,3,2,99
8_4_1.edf',8_4_1.csv',8,M,44,Right,4,1,91
8_4_2.edf',8_4_2.csv',8,M,44,Right,4,2,94
8_5_1.edf',8_5_1.csv',8,M,44,Right,5,1,68
8_5_2.edf',8_5_2.csv',8,M,44,Right,5,2,79
8_6_1.edf',8_6_1.csv',8,M,44,Right,6,1,60
8_6_2.edf',8_6_2.csv',8,M,44,Right,6,2,62
8_6_3.edf',8_6_3.csv',8,M,44,Right,6,3,62
8_6_4.edf',8_6_4.csv',8,M,44,Right,6,4,74
8_7_1.edf',8_7_1.csv',8,M,44,Right,7,1,96
8_7_2.edf',8_7_2.csv',8,M,44,Right,7,2,98
8_8_1.edf',8_8_1.csv',8,M,44,Right,8,1,91
8_8_2.edf',8_8_2.csv',8,M,44,Right,8,2,67
8_9_1.edf',8_9_1.csv',8,M,44,Right,9,1,95
8_9_2.edf',8_9_2.csv',8,M,44,Right,9,2,94
